ibm_serial,country_code,week_ending_date,work_item,sat,sun,mon,tue,wed,thu,fri
45329E,897,2022-09-30,D78E9909,0.0,0.0,8.0,8.0,8.0,8.0,8.0
143C29,897,2022-09-30,D78E9909,0.0,0.0,6.0,6.0,6.0,6.0,6.0
143C29,897,2022-09-30,D78E9909,0.0,0.0,1.0,0.0,0.0,0.0,0.0
143C29,897,2022-09-30,D78E9909,0.0,0.0,2.0,2.0,2.0,2.0,2.0
73BEFA,897,2022-09-30,D78E9909,0.0,0.0,8.0,8.0,8.0,8.0,8.0
5EE7CA,897,2022-09-30,0A8DA31D,0.0,0.0,8.0,8.0,8.0,8.0,8.0
381022,897,2022-09-30,D78E9909,0.0,0.0,8.0,8.0,8.0,8.0,8.0
135969,897,2022-09-30,D78E9909,0.0,0.0,8.0,8.0,8.0,8.0,8.0
B18EEF,897,2022-09-30,D78E9909,0.0,0.0,8.0,8.0,8.0,8.0,8.0
B18EEF,897,2022-09-30,D78E9909,0.0,0.0,1.0,1.0,1.0,1.0,1.0
C5E5F8,897,2022-09-30,D78E9909,0.0,0.0,8.0,8.0,8.0,8.0,8.0
F1EE31,897,2022-09-30,D78E9909,0.0,0.0,8.0,8.0,8.0,8.0,8.0
A38793,897,2022-09-30,E73E4029,8.0,0.0,0.0,0.0,0.0,0.0,0.0
A38793,897,2022-09-30,097DF722,0.0,0.0,8.0,8.0,8.0,8.0,8.0
214B0A,897,2022-09-30,D78E9909,4.0,0.0,0.0,4.0,4.0,4.0,4.0
214B0A,897,2022-09-30,D78E9909,4.0,0.0,0.0,4.0,4.0,4.0,4.0
3BEBCB,897,2022-09-30,E7D54290,0.0,0.0,8.0,8.0,8.0,8.0,8.0
44AFDA,897,2022-09-30,D78E9909,0.0,0.0,8.0,8.0,8.0,8.0,8.0
84F1A8,897,2022-09-30,E73E4029,0.0,0.0,7.0,7.0,7.0,7.0,7.0
84F1A8,897,2022-09-30,E73E4029,0.0,0.0,1.0,1.0,1.0,1.0,1.0
F14174,897,2022-09-30,E73E4029,0.0,0.0,8.0,8.0,8.0,8.0,8.0
736607,897,2022-09-30,D78E9909,0.0,0.0,8.0,8.0,8.0,8.0,8.0
18884E,897,2022-09-30,097DF722,0.0,0.0,8.0,8.0,8.0,8.0,8.0
18884E,897,2022-09-30,097DF722,0.0,0.0,1.0,0.0,0.0,2.0,0.0
5E425F,897,2022-09-30,E7D54290,0.0,0.0,8.0,8.0,8.0,8.0,8.0
01BF91,897,2022-09-30,E73E4029,0.0,0.0,8.0,8.0,8.0,8.0,8.0
B771C8,897,2022-09-30,E7D54290,0.0,0.0,8.0,8.0,8.0,8.0,8.0
5D8439,897,2022-09-30,E73E4029,0.0,0.0,8.0,8.0,8.0,8.0,8.0
4F236B,897,2022-09-30,D119D59B,0.0,0.0,0.0,0.0,0.0,0.0,0.0
58072C,897,2022-09-30,E73E4029,0.0,0.0,8.0,8.0,8.0,8.0,8.0
3AF593,897,2022-09-30,E73E4029,0.0,0.0,8.0,8.0,8.0,8.0,8.0
26F3FB,897,2022-09-30,E7D54290,0.0,0.0,0.0,0.0,4.0,8.0,8.0
B9359B,897,2022-09-30,E7D54290,0.0,0.0,8.0,8.0,8.0,8.0,8.0
3D680C,897,2022-09-30,E73E4029,0.0,0.0,8.0,8.0,8.0,8.0,0.0
13964D,897,2022-09-30,E7D54290,0.0,0.0,8.0,8.0,8.0,8.0,8.0
7CE700,897,2022-09-30,097DF722,0.0,0.0,8.0,8.0,8.0,8.0,8.0
FDC695,897,2022-09-30,3B776BE5,0.0,0.0,8.0,8.0,8.0,8.0,8.0
D7051F,897,2022-09-30,3B776BE5,12.0,0.0,8.0,8.0,8.0,8.0,8.0
92CBA0,897,2022-09-30,E7D54290,0.0,0.0,8.0,8.0,8.0,8.0,8.0
5809F1,897,2022-09-30,407FF3F1,0.0,0.0,8.0,8.0,8.0,8.0,8.0
545716,897,2022-09-30,D78E9909,0.0,0.0,8.0,8.0,8.0,8.0,8.0
982590,897,2022-09-30,E7D54290,0.0,8.0,0.0,0.0,0.0,0.0,0.0
982590,897,2022-09-30,E7D54290,0.0,0.0,8.0,8.0,8.0,8.0,8.0
711744,897,2022-09-30,407FF3F1,0.0,0.0,8.0,8.0,8.0,8.0,8.0
711744,897,2022-09-30,407FF3F1,0.0,0.0,-4.0,-4.0,-4.0,-4.0,-4.0
711744,897,2022-09-30,407FF3F1,0.0,0.0,-4.0,-4.0,-4.0,-4.0,-4.0
711744,897,2022-09-30,407FF3F1,0.0,0.0,4.0,4.0,4.0,4.0,4.0
711744,897,2022-09-30,407FF3F1,0.0,0.0,4.0,0.0,0.0,0.0,0.0
711744,897,2022-09-30,407FF3F1,0.0,0.0,4.0,4.0,4.0,4.0,4.0
711744,897,2022-09-30,407FF3F1,0.0,0.0,-4.0,0.0,0.0,0.0,0.0
4C434F,897,2022-09-30,407FF3F1,0.0,0.0,8.0,8.0,8.0,8.0,8.0
C59F9D,897,2022-09-30,E73E4029,0.0,0.0,8.0,8.0,8.0,8.0,8.0
2A83E7,897,2022-09-30,E7D54290,0.0,0.0,8.0,8.0,8.0,8.0,8.0
D36854,897,2022-09-30,E7D54290,0.0,0.0,8.0,8.0,8.0,8.0,8.0
1D99C7,897,2022-09-30,D78E9909,0.0,0.0,8.0,8.0,8.0,8.0,8.0
6ED9F2,897,2022-09-30,D78E9909,0.0,0.0,8.0,8.0,8.0,8.0,8.0
BA3689,897,2022-09-30,D78E9909,0.0,0.0,8.0,8.0,8.0,8.0,8.0
9F886A,897,2022-09-30,E73E4029,0.0,0.0,8.0,8.0,8.0,8.0,8.0
EDA0BB,897,2022-09-30,E73E4029,0.0,0.0,8.0,8.0,8.0,8.0,8.0
261B60,897,2022-09-30,E73E4029,0.0,0.0,4.0,4.0,4.0,4.0,4.0
261B60,897,2022-09-30,E73E4029,0.0,0.0,4.0,4.0,4.0,4.0,4.0
45C5E3,897,2022-09-30,E73E4029,0.0,0.0,8.0,8.0,8.0,8.0,8.0
6EE948,897,2022-09-30,D78E9909,0.0,0.0,8.0,8.0,8.0,8.0,8.0
146344,897,2022-09-30,D78E9909,0.0,0.0,8.0,8.0,8.0,8.0,8.0
C73DC9,897,2022-09-30,D78E9909,0.0,0.0,8.0,8.0,8.0,8.0,8.0
715496,897,2022-09-30,E73E4029,0.0,8.0,8.0,6.0,6.0,6.0,6.0
6C6130,897,2022-09-30,E73E4029,0.0,0.0,8.0,8.0,8.0,8.0,8.0
C2AC99,897,2022-09-30,E73E4029,0.0,0.0,8.0,8.0,8.0,8.0,8.0
FEA6C8,897,2022-09-30,D78E9909,0.0,0.0,8.0,8.0,8.0,8.0,8.0
9C37BF,897,2022-09-30,D78E9909,0.0,0.0,8.0,8.0,8.0,8.0,8.0
5B5FA4,897,2022-09-30,D78E9909,0.0,0.0,8.0,8.0,8.0,8.0,8.0
361370,897,2022-09-30,D78E9909,8.0,0.0,0.0,8.0,8.0,8.0,8.0
02DA62,897,2022-09-30,D78E9909,0.0,0.0,8.0,8.0,8.0,8.0,8.0
311C4E,897,2022-09-30,D78E9909,0.0,0.0,8.0,8.0,8.0,8.0,8.0
BF207B,897,2022-09-30,D78E9909,0.0,0.0,8.0,8.0,8.0,8.0,8.0
BF207B,897,2022-09-30,D78E9909,0.0,0.0,0.0,4.0,0.0,0.0,0.0
BB9E32,897,2022-09-30,D78E9909,0.0,0.0,8.0,8.0,8.0,8.0,8.0
D79C65,897,2022-09-30,D78E9909,0.0,0.0,8.0,8.0,8.0,8.0,8.0
D8E72F,897,2022-09-30,D78E9909,0.0,0.0,8.0,8.0,8.0,8.0,8.0
D8E72F,897,2022-09-30,D78E9909,0.0,0.0,0.0,1.0,0.0,0.0,0.0
1F89AC,897,2022-09-30,D78E9909,0.0,0.0,8.0,8.0,8.0,8.0,8.0
088803,897,2022-09-30,D78E9909,0.0,0.0,8.0,8.0,8.0,8.0,8.0
A88263,897,2022-09-30,D78E9909,0.0,0.0,8.0,8.0,8.0,8.0,8.0
5AA198,897,2022-09-30,D78E9909,0.0,0.0,8.0,8.0,8.0,8.0,8.0
33BB2B,631,2022-09-30,71F4F4E0,0.0,0.0,8.0,8.0,8.0,8.0,8.0
33BB2B,631,2022-09-30,71F4F4E0,0.0,0.0,1.0,0.0,1.0,0.0,0.0
33BB2B,631,2022-09-30,71F4F4E0,12.0,0.0,0.0,0.0,0.0,0.0,0.0
B51518,631,2022-09-30,71F4F4E0,0.0,0.0,4.0,4.0,4.0,4.0,4.0
B51518,631,2022-09-30,71F4F4E0,0.0,0.0,4.0,4.0,4.0,4.0,4.0
B51518,631,2022-09-30,71F4F4E0,0.0,0.0,1.0,2.0,1.0,1.0,3.0
2B1078,631,2022-09-30,71F4F4E0,0.0,0.0,8.0,8.0,8.0,8.0,8.0
2B1078,631,2022-09-30,71F4F4E0,0.0,0.0,0.0,2.0,0.0,2.0,0.0
52934F,631,2022-09-30,0D39C294,0.0,0.0,0.0,0.0,8.0,8.0,8.0
52934F,631,2022-09-30,072252C8,0.0,0.0,8.0,8.0,0.0,0.0,0.0
7BEC6F,631,2022-09-30,A7643B69,0.0,0.0,8.0,8.0,8.0,8.0,8.0
AA029C,631,2022-09-30,71F4F4E0,0.0,0.0,4.0,4.0,4.0,4.0,4.0
AA029C,631,2022-09-30,71F4F4E0,0.0,0.0,4.0,4.0,4.0,4.0,4.0
87F164,631,2022-09-30,71F4F4E0,0.0,0.0,2.0,2.0,2.0,2.0,2.0
87F164,631,2022-09-30,71F4F4E0,0.0,0.0,6.0,6.0,6.0,6.0,6.0
87F164,631,2022-09-30,71F4F4E0,0.0,0.0,0.0,0.0,0.0,0.5,1.0
734C3F,631,2022-09-30,71F4F4E0,0.0,0.0,2.0,2.0,2.0,2.0,2.0
734C3F,631,2022-09-30,71F4F4E0,0.0,0.0,6.0,6.0,6.0,6.0,6.0
29FDC0,631,2022-09-30,71F4F4E0,0.0,0.0,2.0,2.0,2.0,2.0,2.0
29FDC0,631,2022-09-30,71F4F4E0,0.0,0.0,6.0,6.0,6.0,6.0,6.0
29FDC0,631,2022-09-30,072252C8,0.0,0.0,0.0,0.0,8.0,0.0,0.0
F92AD2,631,2022-09-30,71F4F4E0,0.0,0.0,8.0,8.0,8.0,5.0,8.0
F92AD2,631,2022-09-30,71F4F4E0,0.0,0.0,1.0,1.0,1.0,0.0,1.0
733137,631,2022-09-30,71F4F4E0,0.0,0.0,8.0,8.0,8.0,8.0,8.0
E71886,631,2022-09-30,71F4F4E0,0.0,0.0,8.0,8.0,8.0,8.0,8.0
1C3F2D,631,2022-09-30,71F4F4E0,0.0,0.0,8.0,8.0,8.0,8.0,8.0
C2A876,631,2022-09-30,71F4F4E0,0.0,0.0,8.0,8.0,8.0,8.0,8.0
3C66B5,631,2022-09-30,71F4F4E0,0.0,0.0,8.0,8.0,8.0,8.0,8.0
092060,631,2022-09-30,71F4F4E0,0.0,0.0,8.0,8.0,8.0,8.0,8.0
E275C4,631,2022-09-30,71F4F4E0,0.0,0.0,8.0,8.0,8.0,8.0,8.0
10968B,631,2022-09-30,71F4F4E0,0.0,0.0,8.0,8.0,8.0,8.0,8.0
10968B,631,2022-09-30,71F4F4E0,0.0,0.0,0.0,1.0,0.0,0.0,0.0
4E8B3E,631,2022-09-30,71F4F4E0,0.0,0.0,8.0,8.0,8.0,8.0,8.0
4E8B3E,631,2022-09-30,71F4F4E0,0.0,0.0,1.0,1.0,1.0,1.0,1.0
4E8B3E,631,2022-09-30,71F4F4E0,14.0,0.0,0.0,0.0,0.0,4.0,4.0
B92C9D,897,2022-09-30,E73E4029,0.0,0.0,8.0,8.0,8.0,8.0,8.0
352FD2,897,2022-09-30,097DF722,0.0,0.0,8.0,8.0,8.0,8.0,8.0
352FD2,897,2022-09-30,097DF722,6.0,2.0,0.0,2.0,2.0,0.0,0.0
352FD2,897,2022-09-30,35A50FF4,0.0,0.0,2.0,0.0,1.0,0.0,0.0
37A651,897,2022-09-30,D78E9909,0.0,0.0,0.0,8.0,8.0,8.0,8.0
37A651,897,2022-09-30,9B7AFD56,0.0,0.0,8.0,0.0,0.0,0.0,0.0
704D6F,897,2022-09-30,407FF3F1,0.0,0.0,9.0,9.0,9.0,9.0,9.0
60B629,897,2022-09-30,9B7AFD56,0.0,0.0,8.0,8.0,8.0,8.0,8.0
4819D1,631,2022-09-30,71F4F4E0,0.0,0.0,8.0,8.0,8.0,8.0,8.0
35E00F,781,2022-09-30,8F694F36,0.0,0.0,8.0,8.0,8.0,8.0,8.0
B2B600,631,2022-09-30,9B7AFD56,0.0,0.0,9.0,9.0,9.0,9.0,8.0
B2B600,631,2022-09-30,9B7AFD56,0.0,0.0,8.8,8.8,8.8,8.8,8.8
B2B600,631,2022-09-30,9B7AFD56,0.0,0.0,-9.0,-9.0,-9.0,-9.0,-8.0
628F73,631,2022-09-30,71F4F4E0,0.0,0.0,0.0,9.0,9.0,8.0,8.0
628F73,631,2022-09-30,71F4F4E0,0.0,0.0,0.0,0.0,0.0,1.0,1.0
628F73,631,2022-09-30,71F4F4E0,0.0,0.0,0.0,0.0,0.0,1.0,1.0
628F73,631,2022-09-30,9B7AFD56,0.0,0.0,8.8,0.0,0.0,0.0,0.0
3F5192,781,2022-09-30,784984F6,0.0,0.0,9.0,9.2,8.8,9.0,8.0
3F5192,781,2022-09-30,784984F6,0.0,0.0,-9.0,-8.0,-9.0,-9.0,-9.0
3F5192,781,2022-09-30,784984F6,0.0,0.0,9.0,8.0,9.0,9.0,9.0
3F5192,781,2022-09-30,8F694F36,0.0,0.0,8.0,8.0,8.0,8.0,8.0
C3C659,631,2022-09-30,71F4F4E0,0.0,0.0,0.0,2.5,7.0,0.0,0.0
C3C659,631,2022-09-30,71F4F4E0,0.0,0.0,8.0,8.0,8.0,8.0,8.0
B70EB5,631,2022-09-30,A7643B69,0.0,0.0,8.0,8.0,8.0,8.0,8.0
B70EB5,631,2022-09-30,A7643B69,0.0,0.0,8.0,8.0,8.3,8.0,8.3
B70EB5,631,2022-09-30,A7643B69,0.0,0.0,-8.0,-8.0,-8.0,-8.0,-8.0
B70EB5,631,2022-09-30,D9AE20D0,0.0,0.0,9.0,9.0,9.0,9.0,9.0
B417E9,631,2022-09-30,71F4F4E0,0.0,0.0,9.0,9.0,9.0,9.0,8.0
800D75,631,2022-09-30,71F4F4E0,0.0,0.0,9.0,9.0,9.0,9.0,8.0
800D75,631,2022-09-30,71F4F4E0,9.0,0.0,0.0,0.0,0.0,0.0,1.0
800D75,631,2022-09-30,71F4F4E0,4.0,0.0,0.0,0.0,0.0,0.0,0.0
800D75,631,2022-09-30,71F4F4E0,9.0,0.0,0.0,0.0,0.5,0.0,1.0
800D75,631,2022-09-30,71F4F4E0,-9.0,0.0,0.0,0.0,0.0,0.0,-1.0
800D75,631,2022-09-30,71F4F4E0,8.0,0.0,0.0,0.0,0.5,0.0,1.0
800D75,631,2022-09-30,71F4F4E0,-9.0,0.0,0.0,0.0,-0.5,0.0,-1.0
108B0D,631,2022-09-30,71F4F4E0,0.0,0.0,2.0,2.0,2.0,0.0,0.0
108B0D,631,2022-09-30,71F4F4E0,0.0,0.0,7.0,7.0,7.0,8.5,8.5
108B0D,631,2022-09-30,71F4F4E0,5.5,0.0,0.0,0.0,0.0,0.0,0.0
108B0D,631,2022-09-30,71F4F4E0,2.0,0.0,0.0,0.0,0.0,0.0,0.0
33D0B8,631,2022-09-30,FF37BB7F,0.0,0.0,1.0,1.0,1.0,1.0,0.0
33D0B8,631,2022-09-30,71F4F4E0,0.0,0.0,8.0,8.0,8.0,8.0,8.0
E36A80,631,2022-09-30,71F4F4E0,0.0,0.0,9.0,9.0,9.0,8.0,9.0
E36A80,631,2022-09-30,71F4F4E0,8.0,8.0,1.0,1.0,1.0,0.0,1.0
ECDD44,631,2022-09-30,64EF59C9,0.0,0.0,8.4,8.0,8.2,8.0,8.0
ECDD44,631,2022-09-30,64EF59C9,0.0,0.0,-8.0,-8.0,-8.0,-8.0,-8.0
ECDD44,631,2022-09-30,64EF59C9,0.0,0.0,8.0,8.0,8.0,8.0,8.0
7978FD,631,2022-09-30,71F4F4E0,0.0,0.0,8.0,8.0,8.0,9.0,8.0
4E3548,631,2022-09-30,71F4F4E0,0.0,0.0,4.0,4.0,4.0,4.0,4.0
4E3548,631,2022-09-30,71F4F4E0,0.0,0.0,4.0,4.0,5.0,4.0,4.0
4E3548,631,2022-09-30,71F4F4E0,0.0,0.0,0.0,1.0,0.0,0.0,0.0
D602CB,631,2022-09-30,E4588499,0.0,0.0,8.0,8.0,8.0,8.0,8.0
4B10BE,631,2022-09-30,0D39C294,0.0,0.0,8.0,8.0,8.0,8.0,8.0
B1F75B,631,2022-09-30,71F4F4E0,0.0,0.0,8.0,8.0,8.0,8.0,8.0
06B8C4,631,2022-09-30,71F4F4E0,0.0,0.0,1.0,0.0,0.0,1.0,0.0
06B8C4,631,2022-09-30,71F4F4E0,0.0,0.0,8.0,9.0,9.0,8.0,8.0
06B8C4,631,2022-09-30,71F4F4E0,7.5,7.5,0.0,0.0,0.0,0.0,0.0
EE01B6,631,2022-09-30,71F4F4E0,0.0,0.0,8.0,8.5,4.0,0.0,0.0
EE01B6,631,2022-09-30,9B7AFD56,0.0,0.0,0.0,0.0,4.0,8.0,8.0
EE01B6,631,2022-09-30,71F4F4E0,0.0,0.0,-8.0,-8.0,-8.0,-8.0,-8.0
EE01B6,631,2022-09-30,71F4F4E0,0.0,0.0,8.0,8.0,8.0,8.0,8.0
EE01B6,631,2022-09-30,71F4F4E0,12.0,12.0,0.0,0.0,0.0,0.0,0.0
D725A4,631,2022-09-30,71F4F4E0,0.0,0.0,8.0,8.0,8.0,8.0,8.0
C5B266,631,2022-09-30,71F4F4E0,0.0,0.0,8.0,8.0,8.0,8.0,8.0
DA3934,631,2022-09-30,71F4F4E0,0.0,0.0,3.0,3.0,3.0,3.0,3.0
DA3934,631,2022-09-30,71F4F4E0,0.0,0.0,6.0,6.0,6.0,6.0,6.0
98AA24,631,2022-09-30,71F4F4E0,3.0,0.0,4.0,4.0,4.0,4.0,4.0
98AA24,631,2022-09-30,71F4F4E0,3.0,0.0,4.0,4.0,5.0,4.0,4.0
98AA24,631,2022-09-30,71F4F4E0,0.0,3.0,0.0,0.0,0.0,0.0,0.0
98AA24,631,2022-09-30,71F4F4E0,0.0,3.0,0.0,0.0,0.0,0.0,0.0
A36DEE,631,2022-09-30,71F4F4E0,0.0,0.0,9.0,9.0,9.0,9.0,8.0
A36DEE,631,2022-09-30,71F4F4E0,15.0,0.0,0.0,0.0,0.0,0.0,0.0
A36DEE,631,2022-09-30,71F4F4E0,4.0,0.0,0.0,0.0,0.0,0.0,0.0
ACE38A,631,2022-09-30,71F4F4E0,0.0,0.0,9.0,8.0,8.0,8.0,8.0
B1570B,631,2022-09-30,71F4F4E0,6.0,0.0,8.0,8.0,9.0,8.0,8.0
B1570B,631,2022-09-30,71F4F4E0,-6.0,0.0,-8.0,-8.0,-8.0,-8.0,-8.0
B1570B,631,2022-09-30,71F4F4E0,0.0,6.0,0.0,0.0,0.0,6.0,0.0
B1570B,631,2022-09-30,71F4F4E0,0.0,-6.0,0.0,0.0,0.0,0.0,0.0
B1570B,631,2022-09-30,71F4F4E0,0.0,0.0,8.0,8.0,8.0,8.0,8.0
B1570B,631,2022-09-30,71F4F4E0,6.0,6.0,8.0,8.0,8.0,8.0,8.0
B1570B,631,2022-09-30,71F4F4E0,0.0,0.0,-8.0,-8.0,-8.0,-8.0,-8.0
B1570B,631,2022-09-30,71F4F4E0,6.0,0.0,8.0,8.0,8.0,8.0,8.0
B1570B,631,2022-09-30,71F4F4E0,0.0,6.0,0.0,0.0,0.0,0.0,0.0
B1570B,631,2022-09-30,71F4F4E0,-6.0,-6.0,-8.0,-8.0,-8.0,-8.0,-8.0
0A3D02,631,2022-09-30,71F4F4E0,0.0,0.0,8.0,8.0,8.0,8.0,8.0
2CF3D5,631,2022-09-30,71F4F4E0,0.0,0.0,2.0,1.0,1.0,1.0,1.0
2CF3D5,631,2022-09-30,71F4F4E0,0.0,0.0,-1.0,-1.0,-1.0,-1.0,-1.0
2CF3D5,631,2022-09-30,71F4F4E0,0.0,0.0,2.0,2.0,2.0,2.0,2.0
2CF3D5,631,2022-09-30,71F4F4E0,0.0,0.0,6.0,6.0,6.0,6.0,6.0
2CF3D5,631,2022-09-30,71F4F4E0,0.0,0.0,1.0,1.0,1.0,1.0,1.0
48E5C5,631,2022-09-30,71F4F4E0,0.0,0.0,8.5,8.5,8.5,8.5,8.5
711774,631,2022-09-30,71F4F4E0,6.0,0.0,8.0,8.0,8.0,8.0,8.0
711774,631,2022-09-30,71F4F4E0,0.0,0.0,8.0,8.0,8.0,8.0,8.0
711774,631,2022-09-30,71F4F4E0,-6.0,0.0,-8.0,-8.0,-8.0,-8.0,-8.0
26D13B,631,2022-09-30,71F4F4E0,0.0,0.0,4.0,4.0,0.0,4.0,4.0
26D13B,631,2022-09-30,71F4F4E0,0.0,0.0,5.0,5.0,0.0,5.0,5.0
26D13B,631,2022-09-30,71F4F4E0,0.0,0.0,0.0,0.0,4.0,0.0,0.0
26D13B,631,2022-09-30,71F4F4E0,0.0,0.0,0.0,0.0,5.0,0.0,0.0
0AA7A9,631,2022-09-30,E4588499,0.0,8.0,8.0,8.0,8.0,8.0,8.0
9050B7,631,2022-09-30,71F4F4E0,0.0,0.0,9.0,9.5,6.5,8.0,6.0
9050B7,631,2022-09-30,9B7AFD56,0.0,0.0,0.0,0.0,1.5,0.0,2.0
9050B7,631,2022-09-30,71F4F4E0,0.0,0.0,9.0,9.5,6.5,8.0,8.5
9050B7,631,2022-09-30,9B7AFD56,0.0,0.0,0.0,0.0,1.5,0.0,0.0
9050B7,631,2022-09-30,71F4F4E0,0.0,0.0,-9.0,-9.5,-6.5,-8.0,-6.0
9050B7,631,2022-09-30,9B7AFD56,0.0,0.0,0.0,0.0,-1.5,0.0,-2.0
2724E4,631,2022-09-30,71F4F4E0,0.0,0.0,9.0,9.0,9.0,9.0,8.0
2DD443,631,2022-09-30,71F4F4E0,0.0,0.0,8.0,8.0,8.0,8.0,8.0
2DD443,631,2022-09-30,71F4F4E0,1.0,0.0,0.0,0.0,0.0,0.0,0.0
7323DF,631,2022-09-30,71F4F4E0,0.0,0.0,10.5,8.0,8.0,8.0,8.0
7323DF,631,2022-09-30,71F4F4E0,0.0,0.0,-8.0,-8.0,-8.0,-8.0,-8.0
7323DF,631,2022-09-30,71F4F4E0,0.0,0.0,8.0,8.0,8.0,8.0,8.0
974E67,631,2022-09-30,71F4F4E0,0.0,0.0,8.0,8.0,8.0,8.0,8.0
6761C7,631,2022-09-30,71F4F4E0,0.0,0.0,9.5,10.0,10.0,9.0,9.0
6761C7,631,2022-09-30,71F4F4E0,0.0,0.0,9.5,9.0,10.0,9.0,9.0
6761C7,631,2022-09-30,71F4F4E0,0.0,0.0,-9.5,-10.0,-10.0,-9.0,-9.0
6761C7,631,2022-09-30,71F4F4E0,0.0,0.0,9.5,9.0,9.5,9.0,9.0
6761C7,631,2022-09-30,71F4F4E0,0.0,0.0,-9.5,-9.0,-10.0,-9.0,-9.0
6761C7,631,2022-09-30,71F4F4E0,0.0,0.0,9.5,9.0,10.0,10.0,10.0
6761C7,631,2022-09-30,71F4F4E0,0.0,0.0,-9.5,-9.0,-9.5,-9.0,-9.0
EDBDD0,631,2022-09-30,71F4F4E0,0.0,0.0,8.0,8.0,8.0,8.0,8.0
DF7951,631,2022-09-30,71F4F4E0,0.0,0.0,9.0,8.5,8.5,8.5,8.5
DF7951,631,2022-09-30,71F4F4E0,0.0,0.0,-8.5,-8.5,-8.5,-8.5,-8.5
DF7951,631,2022-09-30,71F4F4E0,0.0,0.0,8.5,8.5,8.5,8.5,8.5
DF7951,631,2022-09-30,71F4F4E0,6.0,6.0,0.0,0.0,0.0,0.0,0.0
DF7951,631,2022-09-30,71F4F4E0,6.0,6.0,0.0,0.0,0.0,0.0,0.0
34F289,631,2022-09-30,71F4F4E0,0.0,0.0,8.0,8.0,8.0,8.0,8.0
1669AE,631,2022-09-30,17E319B0,0.0,0.0,8.0,8.0,8.0,8.0,8.0
1669AE,631,2022-09-30,17E319B0,0.0,0.0,8.4,8.1,9.5,9.5,8.5
1669AE,631,2022-09-30,17E319B0,0.0,0.0,-8.0,-8.0,-8.0,-8.0,-8.0
C10CC0,631,2022-09-30,71F4F4E0,0.0,0.0,1.5,1.0,1.0,1.0,1.0
C10CC0,631,2022-09-30,71F4F4E0,0.0,0.0,-1.0,-1.0,-1.0,-1.0,-1.0
C10CC0,631,2022-09-30,71F4F4E0,0.0,0.0,1.5,1.0,1.5,2.0,1.0
C10CC0,631,2022-09-30,71F4F4E0,0.0,0.0,-1.5,-1.0,-1.0,-1.0,-1.0
C10CC0,631,2022-09-30,71F4F4E0,0.0,0.0,8.0,8.0,8.0,8.0,8.0
C10CC0,631,2022-09-30,71F4F4E0,0.0,0.0,1.0,1.0,1.0,1.0,1.0
7DC320,631,2022-09-30,71F4F4E0,0.0,0.0,8.0,8.0,8.0,8.0,8.0
C8143D,631,2022-09-30,71F4F4E0,0.0,0.0,1.0,0.0,0.0,0.0,0.0
C8143D,631,2022-09-30,71F4F4E0,0.0,0.0,1.0,0.0,0.0,1.0,0.0
C8143D,631,2022-09-30,71F4F4E0,0.0,0.0,-1.0,0.0,0.0,0.0,0.0
C8143D,631,2022-09-30,71F4F4E0,0.0,0.0,8.0,8.0,8.0,8.0,8.0
C8143D,631,2022-09-30,71F4F4E0,0.0,0.0,0.0,1.0,0.0,0.0,1.0
C8143D,631,2022-09-30,71F4F4E0,0.0,0.0,-1.0,0.0,0.0,-1.0,0.0
C8143D,631,2022-09-30,71F4F4E0,0.0,0.0,1.0,0.0,0.0,1.0,0.0
C8143D,631,2022-09-30,71F4F4E0,0.0,0.0,0.0,-1.0,0.0,0.0,-1.0
317481,631,2022-09-30,71F4F4E0,0.0,0.0,8.0,8.0,8.0,8.0,8.0
317481,631,2022-09-30,71F4F4E0,0.0,0.0,1.0,0.0,0.0,0.0,0.0
317481,631,2022-09-30,71F4F4E0,0.0,0.0,1.0,2.0,0.0,0.0,0.0
317481,631,2022-09-30,71F4F4E0,0.0,0.0,-1.0,0.0,0.0,0.0,0.0
2EC3F7,631,2022-09-30,83D0E206,0.0,0.0,8.0,8.0,8.0,8.0,8.0
A98973,631,2022-09-30,E4588499,0.0,0.0,8.0,8.0,8.0,8.0,8.0
9D9497,631,2022-09-30,71F4F4E0,0.0,0.0,8.0,8.0,8.0,8.0,8.0
4EBA47,631,2022-09-30,E4588499,0.0,0.0,8.0,8.0,8.0,8.0,8.0
3D220D,631,2022-09-30,71F4F4E0,0.0,0.0,8.0,8.0,8.0,8.0,8.0
94667C,631,2022-09-30,71F4F4E0,0.0,0.0,8.0,8.5,8.0,8.0,8.0
94667C,631,2022-09-30,71F4F4E0,0.0,0.0,-8.0,-8.0,-8.0,-8.0,-8.0
94667C,631,2022-09-30,71F4F4E0,0.0,0.0,8.0,8.0,8.0,8.0,8.0
B18AFC,631,2022-09-30,71F4F4E0,0.0,0.0,8.0,8.0,8.0,8.0,8.0
ED743B,631,2022-09-30,71F4F4E0,0.0,0.0,9.0,9.0,9.0,9.0,8.0
4580CE,631,2022-09-30,71F4F4E0,0.0,0.0,10.0,10.0,10.0,8.0,8.0
9C750A,631,2022-09-30,71F4F4E0,0.0,0.0,8.0,8.0,8.0,8.0,8.0
FFD222,631,2022-09-30,71F4F4E0,0.0,0.0,1.0,4.0,1.0,1.0,1.0
FFD222,631,2022-09-30,71F4F4E0,0.0,0.0,-1.0,-1.0,-1.0,-1.0,-1.0
FFD222,631,2022-09-30,71F4F4E0,0.0,0.0,1.0,4.0,1.0,1.0,0.0
FFD222,631,2022-09-30,71F4F4E0,0.0,0.0,-1.0,-4.0,-1.0,-1.0,-1.0
FFD222,631,2022-09-30,71F4F4E0,0.0,0.0,8.0,8.0,8.0,8.0,8.0
FFD222,631,2022-09-30,71F4F4E0,0.0,0.0,1.0,1.0,1.0,1.0,1.0
8FE79A,631,2022-09-30,71F4F4E0,0.0,0.0,8.0,8.0,8.0,8.0,8.0
8FE79A,631,2022-09-30,71F4F4E0,0.0,0.0,8.0,8.0,8.0,8.0,6.0
8FE79A,631,2022-09-30,406FF608,0.0,0.0,0.0,0.0,0.0,2.0,0.0
8FE79A,631,2022-09-30,71F4F4E0,0.0,0.0,-8.0,-8.0,-8.0,-8.0,-8.0
8FE79A,631,2022-09-30,71F4F4E0,0.0,0.0,8.0,8.0,8.0,8.0,7.5
8FE79A,631,2022-09-30,406FF608,0.0,0.0,0.0,0.0,0.0,1.5,0.0
8FE79A,631,2022-09-30,71F4F4E0,0.0,0.0,-8.0,-8.0,-8.0,-8.0,-6.0
8FE79A,631,2022-09-30,406FF608,0.0,0.0,0.0,0.0,0.0,-2.0,0.0
8FE79A,631,2022-09-30,71F4F4E0,0.0,0.0,8.0,8.0,8.0,8.0,6.5
8FE79A,631,2022-09-30,71F4F4E0,0.0,0.0,-8.0,-8.0,-8.0,-8.0,-7.5
C9AA3F,631,2022-09-30,71F4F4E0,0.0,0.0,0.0,0.0,8.0,8.0,8.0
C9AA3F,631,2022-09-30,9B7AFD56,0.0,0.0,8.8,8.8,0.0,0.0,0.0
59E4BA,631,2022-09-30,71F4F4E0,0.0,0.0,4.0,4.0,4.0,4.0,4.0
59E4BA,631,2022-09-30,71F4F4E0,0.0,0.0,4.0,4.0,4.0,4.0,4.0
363308,631,2022-09-30,E4588499,0.0,0.0,8.0,8.0,8.0,8.0,8.0
E9EE64,631,2022-09-30,71F4F4E0,0.0,0.0,8.0,8.0,8.0,8.0,8.0
50BE29,631,2022-09-30,71F4F4E0,0.0,0.0,8.0,10.0,8.0,8.0,8.0
50BE29,631,2022-09-30,71F4F4E0,0.0,0.0,8.0,10.0,10.0,8.0,8.0
50BE29,631,2022-09-30,71F4F4E0,0.0,0.0,-8.0,-10.0,-8.0,-8.0,-8.0
50BE29,631,2022-09-30,71F4F4E0,0.0,0.0,10.0,10.0,8.0,8.0,8.0
50BE29,631,2022-09-30,71F4F4E0,0.0,0.0,-8.0,-10.0,-10.0,-8.0,-8.0
29E81D,631,2022-09-30,83D0E206,0.0,0.0,8.0,8.0,8.0,8.0,8.0
A7F67F,631,2022-09-30,71F4F4E0,0.0,0.0,8.0,8.0,8.0,8.0,8.0
4B2C22,631,2022-09-30,71F4F4E0,0.0,0.0,8.0,8.0,8.0,8.0,8.0
999CCE,631,2022-09-30,71F4F4E0,0.0,0.0,8.0,8.0,8.0,8.0,8.0
999CCE,631,2022-09-30,71F4F4E0,0.0,0.0,1.0,4.0,1.0,1.0,1.0
999CCE,631,2022-09-30,71F4F4E0,0.0,0.0,1.0,4.0,1.0,3.0,1.0
999CCE,631,2022-09-30,71F4F4E0,0.0,0.0,-1.0,-4.0,-1.0,-1.0,-1.0
999CCE,631,2022-09-30,71F4F4E0,0.0,0.0,1.0,4.0,3.0,1.0,1.0
999CCE,631,2022-09-30,71F4F4E0,0.0,0.0,-1.0,-4.0,-1.0,-3.0,-1.0
DF204D,631,2022-09-30,71F4F4E0,0.0,0.0,8.0,8.0,8.0,8.0,8.0
45FA34,631,2022-09-30,71F4F4E0,0.0,0.0,10.2,8.0,8.0,8.0,8.0
45FA34,631,2022-09-30,71F4F4E0,0.0,0.0,-8.0,-8.0,-8.0,-8.0,-8.0
45FA34,631,2022-09-30,71F4F4E0,0.0,0.0,8.0,8.0,8.0,8.0,8.0
45FA34,631,2022-09-30,71F4F4E0,0.0,0.0,10.5,8.0,8.0,8.0,8.0
45FA34,631,2022-09-30,71F4F4E0,0.0,0.0,-10.2,-8.0,-8.0,-8.0,-8.0
F9678F,631,2022-09-30,71F4F4E0,0.0,0.0,4.0,4.0,4.0,4.0,4.0
F9678F,631,2022-09-30,71F4F4E0,0.0,0.0,4.0,4.0,4.0,4.0,4.0
A6B084,631,2022-09-30,71F4F4E0,0.0,0.0,5.0,8.0,8.0,8.0,8.0
A6B084,631,2022-09-30,9B7AFD56,0.0,0.0,3.0,0.0,0.0,0.0,0.0
946FC0,631,2022-09-30,777E9B44,0.0,0.0,8.0,8.0,8.0,8.0,8.0
946FC0,631,2022-09-30,777E9B44,0.0,0.0,8.0,9.0,9.0,8.0,8.0
946FC0,631,2022-09-30,777E9B44,0.0,0.0,-8.0,-8.0,-8.0,-8.0,-8.0
98D5A4,631,2022-09-30,71F4F4E0,0.0,0.0,8.0,8.0,8.0,8.0,8.0
98D5A4,631,2022-09-30,71F4F4E0,0.0,0.0,8.0,8.0,8.0,8.0,9.0
98D5A4,631,2022-09-30,71F4F4E0,0.0,0.0,-8.0,-8.0,-8.0,-8.0,-8.0
3392C6,631,2022-09-30,71F4F4E0,0.0,0.0,9.0,10.0,9.0,9.0,8.0
3392C6,631,2022-09-30,71F4F4E0,8.0,8.0,0.0,4.0,0.0,0.0,0.0
3392C6,631,2022-09-30,71F4F4E0,0.0,0.0,-9.0,-9.0,-9.0,-9.0,-8.0
3392C6,631,2022-09-30,71F4F4E0,-8.0,-8.0,0.0,0.0,0.0,0.0,0.0
3392C6,631,2022-09-30,71F4F4E0,0.0,0.0,0.0,0.0,0.0,0.0,2.0
3392C6,631,2022-09-30,71F4F4E0,-8.0,-8.0,0.0,-4.0,0.0,0.0,0.0
3392C6,631,2022-09-30,71F4F4E0,0.0,0.0,9.0,9.0,9.0,9.0,8.0
3392C6,631,2022-09-30,71F4F4E0,8.0,8.0,0.0,0.0,0.0,0.0,0.0
3392C6,631,2022-09-30,71F4F4E0,8.0,8.0,0.0,0.0,0.0,0.0,2.0
3392C6,631,2022-09-30,71F4F4E0,0.0,0.0,0.0,0.0,0.0,0.0,-2.0
3392C6,631,2022-09-30,71F4F4E0,8.0,8.0,0.0,4.0,0.0,0.0,2.0
3392C6,631,2022-09-30,71F4F4E0,-8.0,-8.0,0.0,0.0,0.0,0.0,-2.0
FEFE1E,631,2022-09-30,71F4F4E0,0.0,0.0,2.0,2.0,0.0,0.0,0.0
FEFE1E,631,2022-09-30,71F4F4E0,0.0,0.0,8.0,8.0,8.0,8.0,8.0
FEFE1E,631,2022-09-30,71F4F4E0,0.0,0.0,2.0,2.0,0.0,0.0,2.0
FEFE1E,631,2022-09-30,71F4F4E0,0.0,0.0,-2.0,-2.0,0.0,0.0,0.0
A6A453,631,2022-09-30,71F4F4E0,0.0,0.0,8.0,8.0,8.0,8.0,8.0
CF474F,631,2022-09-30,71F4F4E0,6.0,0.0,8.0,8.0,8.0,9.0,8.0
CF474F,631,2022-09-30,71F4F4E0,0.0,6.0,0.0,0.0,0.0,0.0,0.0
8E4F1E,631,2022-09-30,71F4F4E0,0.0,0.0,8.0,8.0,8.0,8.0,8.0
EA7595,631,2022-09-30,71F4F4E0,0.0,0.0,9.0,9.0,9.0,9.0,8.0
EA7595,631,2022-09-30,71F4F4E0,0.0,0.0,0.0,0.0,0.0,0.0,1.0
62987E,631,2022-09-30,71F4F4E0,0.0,0.0,8.0,8.0,8.0,8.0,8.0
1FA556,631,2022-09-30,71F4F4E0,0.0,0.0,8.0,8.0,8.0,8.0,8.0
FAA6CA,631,2022-09-30,71F4F4E0,0.0,0.0,8.0,8.0,8.0,8.0,8.0
BF2A65,631,2022-09-30,E4588499,0.0,0.0,8.0,8.0,8.0,8.0,8.0
D317F9,631,2022-09-30,71F4F4E0,0.0,0.0,8.0,8.0,8.0,8.0,8.0
D317F9,631,2022-09-30,71F4F4E0,0.0,0.0,8.0,8.0,9.0,8.0,9.0
D317F9,631,2022-09-30,71F4F4E0,0.0,0.0,-8.0,-8.0,-8.0,-8.0,-8.0
D317F9,631,2022-09-30,71F4F4E0,0.0,0.0,8.0,9.0,9.0,8.0,9.0
D317F9,631,2022-09-30,71F4F4E0,0.0,0.0,-8.0,-8.0,-9.0,-8.0,-9.0
BD79BF,631,2022-09-30,71F4F4E0,0.0,0.0,8.0,8.0,8.0,8.0,8.0
BC392C,631,2022-09-30,9B7AFD56,0.0,0.0,8.8,8.8,8.8,8.8,8.8
BC392C,631,2022-09-30,9B7AFD56,0.0,0.0,0.0,8.8,8.8,8.8,8.8
BC392C,631,2022-09-30,9B7AFD56,0.0,0.0,8.8,0.0,0.0,0.0,0.0
BC392C,631,2022-09-30,9B7AFD56,0.0,0.0,-8.8,-8.8,-8.8,-8.8,-8.8
E6A1E6,781,2022-09-30,8F694F36,0.0,0.0,8.0,8.0,8.0,8.0,8.0
6F8617,781,2022-09-30,8F694F36,0.0,0.0,4.0,4.0,4.0,4.0,4.0
6F8617,781,2022-09-30,8F694F36,0.0,0.0,4.0,4.0,4.0,4.0,4.0
482328,631,2022-09-30,71F4F4E0,0.0,0.0,1.0,2.0,0.0,0.0,0.0
482328,631,2022-09-30,71F4F4E0,0.0,0.0,-1.0,0.0,0.0,0.0,0.0
482328,631,2022-09-30,71F4F4E0,0.0,0.0,1.0,2.0,1.0,1.0,0.0
482328,631,2022-09-30,71F4F4E0,0.0,0.0,-1.0,-2.0,0.0,0.0,0.0
482328,631,2022-09-30,AD9D6A11,0.0,1.0,0.0,0.0,0.0,0.0,0.0
482328,631,2022-09-30,71F4F4E0,0.0,0.0,1.0,0.0,0.0,0.0,0.0
482328,631,2022-09-30,71F4F4E0,0.0,0.0,1.0,1.0,1.0,1.0,1.0
482328,631,2022-09-30,71F4F4E0,0.0,0.0,7.0,7.0,7.0,7.0,7.0
B26EEA,631,2022-09-30,0D39C294,0.0,0.0,7.4,6.5,8.0,8.0,8.0
B26EEA,631,2022-09-30,0D39C294,0.0,0.0,-7.4,-8.0,-8.0,-8.0,-8.0
B26EEA,631,2022-09-30,9B7AFD56,0.0,0.0,-0.6,0.0,0.0,0.0,0.0
B26EEA,631,2022-09-30,9B7AFD56,0.0,0.0,0.6,1.5,0.0,0.0,0.0
B26EEA,631,2022-09-30,0D39C294,0.0,0.0,7.4,8.0,8.0,8.0,8.0
B26EEA,631,2022-09-30,9B7AFD56,0.0,0.0,0.6,0.0,0.0,0.0,0.0
31292B,631,2022-09-30,71F4F4E0,0.0,0.0,9.5,9.5,9.5,9.5,9.5
61FA8C,631,2022-09-30,71F4F4E0,6.0,0.0,8.0,9.0,9.0,8.0,9.0
61FA8C,631,2022-09-30,71F4F4E0,0.0,6.0,0.0,0.0,0.0,0.0,0.0
EFFE22,781,2022-09-30,8F694F36,0.0,0.0,9.0,9.0,9.0,9.0,9.0
8B67A4,631,2022-09-30,71F4F4E0,0.0,0.0,9.0,9.0,9.0,9.0,8.0
8B67A4,631,2022-09-30,71F4F4E0,12.0,12.0,0.0,0.0,0.0,0.0,0.0
8B67A4,631,2022-09-30,71F4F4E0,-12.0,-12.0,0.0,0.0,0.0,0.0,0.0
6D0C7D,631,2022-09-30,71F4F4E0,0.0,0.0,9.0,8.0,8.0,9.0,8.0
6D0C7D,631,2022-09-30,71F4F4E0,0.0,0.0,0.0,1.0,1.0,0.0,0.0
6D0C7D,631,2022-09-30,71F4F4E0,0.0,0.0,0.0,0.0,1.0,0.0,0.0
B528F7,781,2022-09-30,8F694F36,0.0,0.0,8.0,8.0,8.0,8.0,8.0
D47817,631,2022-09-30,E4588499,0.0,0.0,8.0,8.0,8.0,8.0,8.0
D47817,631,2022-09-30,C14BC6F3,0.0,0.0,-1.0,-1.0,-1.0,-1.0,-1.0
D47817,631,2022-09-30,E4588499,0.0,0.0,-7.0,-7.0,-7.0,-7.0,-7.0
D47817,631,2022-09-30,E4588499,0.0,0.0,7.0,7.0,7.0,7.0,7.0
D47817,631,2022-09-30,C14BC6F3,0.0,0.0,1.0,1.0,1.0,1.0,1.0
7669D9,631,2022-09-30,71F4F4E0,0.0,0.0,9.0,9.0,9.0,9.0,8.0
CC75E8,631,2022-09-30,E4588499,0.0,0.0,8.0,8.0,8.0,8.0,8.0
12944D,631,2022-09-30,E4588499,8.0,0.0,8.0,8.0,8.0,8.0,0.0
12944D,631,2022-09-30,E4588499,1.0,0.0,0.0,0.0,0.0,0.0,0.0
12944D,631,2022-09-30,9B7AFD56,0.0,0.0,0.0,0.0,0.0,0.0,8.0
F57889,781,2022-09-30,17E319B0,0.0,0.0,0.0,0.0,1.0,1.0,1.0
F57889,781,2022-09-30,CBFCE645,0.0,0.0,0.0,0.0,0.9,1.1,0.0
F57889,781,2022-09-30,7061BA7D,0.0,0.0,0.0,0.0,1.0,1.0,0.0
F57889,781,2022-09-30,F69EB436,0.0,0.0,2.0,2.0,2.0,2.0,2.0
F57889,781,2022-09-30,6E373C12,0.0,0.0,1.0,1.0,2.0,3.0,1.0
F57889,781,2022-09-30,8F694F36,0.0,0.0,0.0,7.0,2.0,0.0,0.0
F57889,781,2022-09-30,4AEE62BF,0.0,0.0,3.0,0.0,0.0,0.0,2.5
F57889,781,2022-09-30,0DA248BB,0.0,0.0,0.0,0.0,0.0,0.0,2.0
F57889,781,2022-09-30,527568B6,0.0,0.0,3.0,0.0,1.0,1.0,0.0
5406F5,781,2022-09-30,8F694F36,0.0,0.0,8.0,9.0,9.0,9.0,9.0
F1C9F9,631,2022-09-30,71F4F4E0,0.0,0.0,1.0,3.0,1.0,1.0,1.0
F1C9F9,631,2022-09-30,71F4F4E0,0.0,0.0,-1.0,-1.0,-1.0,-1.0,-1.0
F1C9F9,631,2022-09-30,71F4F4E0,0.0,0.0,1.0,1.0,1.0,1.0,1.0
F1C9F9,631,2022-09-30,71F4F4E0,0.0,0.0,7.0,7.0,7.0,7.0,7.0
F1C9F9,631,2022-09-30,71F4F4E0,0.0,0.0,1.0,1.0,1.0,1.0,1.0
DB3E0E,631,2022-09-30,71F4F4E0,0.0,0.0,8.0,8.0,8.0,8.0,8.0
DB3E0E,631,2022-09-30,71F4F4E0,0.0,0.0,0.0,0.0,0.0,0.0,6.0
DB3E0E,631,2022-09-30,7B569EFD,0.0,0.0,9.0,9.0,9.0,9.0,9.0
1F7C32,631,2022-09-30,E4588499,0.0,0.0,8.0,8.0,8.0,8.0,8.0
346642,631,2022-09-30,71F4F4E0,4.0,0.0,8.0,8.0,8.0,8.0,8.0
346642,631,2022-09-30,71F4F4E0,0.0,4.0,0.0,0.0,0.0,0.0,0.0
77990E,631,2022-09-30,18FD03C1,0.0,0.0,8.0,8.0,8.0,8.0,8.0
77990E,631,2022-09-30,E4588499,0.0,0.0,-8.0,-8.0,-8.0,-8.0,-8.0
77990E,631,2022-09-30,E4588499,0.0,0.0,8.0,8.0,8.0,8.0,8.0
562B7E,781,2022-09-30,8F694F36,1.0,1.0,8.0,8.0,8.0,8.0,8.0
76A704,631,2022-09-30,9B7AFD56,0.0,0.0,8.8,8.8,8.8,8.8,8.8
F82C20,781,2022-09-30,7185FDBA,0.0,0.0,2.0,2.0,2.0,1.0,1.0
F82C20,781,2022-09-30,0C46D0E4,0.0,0.0,0.2,0.5,0.3,0.5,0.5
F82C20,781,2022-09-30,488B23FB,0.0,0.0,0.5,1.0,1.0,1.0,0.5
F82C20,781,2022-09-30,57C0F736,0.0,0.0,0.5,0.5,0.5,0.5,0.5
F82C20,781,2022-09-30,A10D7CA2,0.0,0.0,1.0,1.0,1.0,1.0,2.0
F82C20,781,2022-09-30,5AE17AF4,0.0,0.0,1.0,1.5,1.5,1.0,1.0
F82C20,781,2022-09-30,26BC4CA9,0.0,0.0,0.5,1.0,0.6,0.5,0.5
F82C20,781,2022-09-30,5B152B29,0.0,0.0,1.0,1.0,1.0,1.0,0.4
F82C20,781,2022-09-30,9AF62B2C,0.0,0.0,0.5,0.5,0.5,0.4,0.6
F82C20,781,2022-09-30,56D4A92C,0.0,0.0,0.5,0.5,0.2,0.2,0.6
F82C20,781,2022-09-30,BDBA26BA,0.0,0.0,0.6,0.5,0.5,0.2,0.2
E5C4C6,631,2022-09-30,0D39C294,0.0,0.0,6.0,6.0,6.0,6.0,6.0
E5C4C6,631,2022-09-30,9B7AFD56,0.0,0.0,2.8,2.8,2.8,2.8,2.8
E5C4C6,631,2022-09-30,2E662F76,0.0,0.0,2.8,2.8,2.8,2.8,2.8
E5C4C6,631,2022-09-30,9B7AFD56,0.0,0.0,-2.8,-2.8,-2.8,-2.8,-2.8
E5C4C6,631,2022-09-30,2E662F76,0.0,0.0,2.0,2.0,2.0,2.0,2.0
E5C4C6,631,2022-09-30,2E662F76,0.0,0.0,-2.8,-2.8,-2.8,-2.8,-2.8
89D3B3,631,2022-09-30,71F4F4E0,0.0,0.0,2.0,4.0,4.0,4.0,4.0
89D3B3,631,2022-09-30,71F4F4E0,0.0,0.0,7.0,4.0,4.0,4.0,4.0
89D3B3,631,2022-09-30,71F4F4E0,0.0,0.0,7.0,5.0,4.0,4.0,4.0
89D3B3,631,2022-09-30,71F4F4E0,0.0,0.0,-7.0,-4.0,-4.0,-4.0,-4.0
89D3B3,631,2022-09-30,71F4F4E0,0.0,0.0,7.0,5.0,6.0,4.0,4.0
89D3B3,631,2022-09-30,71F4F4E0,0.0,0.0,-7.0,-5.0,-4.0,-4.0,-4.0
89D3B3,631,2022-09-30,71F4F4E0,0.0,0.0,7.5,5.0,6.0,4.0,4.0
89D3B3,631,2022-09-30,71F4F4E0,0.0,0.0,-7.0,-5.0,-6.0,-4.0,-4.0
89D3B3,631,2022-09-30,71F4F4E0,0.0,0.0,7.5,5.0,6.0,4.0,6.0
89D3B3,631,2022-09-30,71F4F4E0,0.0,0.0,-7.5,-5.0,-6.0,-4.0,-4.0
0CBF1E,631,2022-09-30,3FA26D49,0.0,0.0,9.0,9.0,9.0,9.0,9.0
3BC804,631,2022-09-30,71F4F4E0,0.0,0.0,8.0,8.0,8.0,8.0,8.0
8129BC,631,2022-09-30,E4588499,0.0,0.0,8.0,8.0,8.0,8.0,8.0
2C5E16,631,2022-09-30,71F4F4E0,0.0,0.0,10.0,10.0,10.0,10.0,0.0
2C5E16,631,2022-09-30,9B7AFD56,0.0,0.0,0.0,0.0,0.0,0.0,8.0
2C5E16,631,2022-09-30,71F4F4E0,0.0,0.0,0.0,0.0,0.0,0.0,3.0
AC3B26,631,2022-09-30,71F4F4E0,0.0,0.0,8.0,8.0,8.0,8.0,8.0
B90990,631,2022-09-30,71F4F4E0,0.0,0.0,9.0,9.0,9.0,9.0,8.0
B90990,631,2022-09-30,71F4F4E0,8.0,0.0,0.0,0.0,0.0,0.0,0.0
B90990,631,2022-09-30,406FF608,0.0,8.0,0.0,0.0,0.0,0.0,0.0
C54840,631,2022-09-30,71F4F4E0,0.0,0.0,8.0,8.0,8.0,8.0,7.0
C54840,631,2022-09-30,406FF608,0.0,0.0,0.0,0.0,0.0,0.0,1.0
C54840,631,2022-09-30,71F4F4E0,0.0,0.0,8.0,8.0,8.0,8.0,6.5
C54840,631,2022-09-30,406FF608,0.0,0.0,0.0,0.0,0.0,0.0,1.5
C54840,631,2022-09-30,71F4F4E0,0.0,0.0,-8.0,-8.0,-8.0,-8.0,-7.0
C54840,631,2022-09-30,406FF608,0.0,0.0,0.0,0.0,0.0,0.0,-1.0
E0EA4D,631,2022-09-30,71F4F4E0,0.0,0.0,8.0,8.0,8.0,8.0,8.0
E0EA4D,631,2022-09-30,71F4F4E0,0.0,0.0,8.0,8.0,0.0,8.0,0.0
E0EA4D,631,2022-09-30,9B7AFD56,0.0,0.0,0.0,0.0,8.0,0.0,8.0
E0EA4D,631,2022-09-30,71F4F4E0,0.0,0.0,-8.0,-8.0,-8.0,-8.0,-8.0
6805EC,631,2022-09-30,71F4F4E0,0.0,0.0,4.0,4.0,0.0,0.0,0.0
6805EC,631,2022-09-30,71F4F4E0,0.0,0.0,0.0,0.0,4.0,4.0,4.0
6805EC,631,2022-09-30,0D39C294,0.0,0.0,5.0,4.0,5.0,4.0,5.0
6805EC,631,2022-09-30,44D4386D,0.0,0.0,0.0,1.0,0.0,1.0,0.0
A1C031,631,2022-09-30,71F4F4E0,0.0,0.0,4.0,4.0,4.0,4.0,4.0
A1C031,631,2022-09-30,4302CB76,0.0,0.0,-4.0,-4.0,-4.0,-4.0,-4.0
A1C031,631,2022-09-30,E4588499,0.0,0.0,4.0,4.0,4.0,4.0,5.5
A1C031,631,2022-09-30,E4588499,0.0,0.0,-4.0,-4.0,-4.0,-4.0,-4.0
A1C031,631,2022-09-30,E4588499,0.0,0.0,4.0,4.0,4.0,4.0,4.0
A1C031,631,2022-09-30,4302CB76,0.0,0.0,4.0,4.0,4.0,4.0,4.0
C8B884,631,2022-09-30,71F4F4E0,0.0,0.0,8.0,8.0,8.0,8.0,8.0
C8B884,631,2022-09-30,71F4F4E0,0.0,0.0,8.0,9.0,8.0,8.0,8.0
C8B884,631,2022-09-30,71F4F4E0,0.0,0.0,-8.0,-8.0,-8.0,-8.0,-8.0
8A7610,631,2022-09-30,9B7AFD56,0.0,0.0,8.0,8.0,8.0,8.0,8.0
BD0D3E,631,2022-09-30,71F4F4E0,0.0,0.0,8.0,8.0,8.0,8.0,8.0
BD0D3E,631,2022-09-30,71F4F4E0,0.0,0.0,0.0,1.5,0.0,0.0,0.0
9CC3AB,631,2022-09-30,71F4F4E0,0.0,0.0,8.0,8.0,8.0,8.0,8.0
9CC3AB,631,2022-09-30,71F4F4E0,11.0,11.0,3.0,3.0,3.0,3.0,3.0
9CC3AB,631,2022-09-30,71F4F4E0,1.0,1.0,1.0,1.0,1.0,1.0,1.0
162EAC,631,2022-09-30,71F4F4E0,0.0,0.0,0.0,0.0,2.0,0.0,0.0
162EAC,631,2022-09-30,71F4F4E0,0.0,0.0,4.0,4.0,4.0,4.0,4.0
162EAC,631,2022-09-30,71F4F4E0,0.0,0.0,4.0,4.0,4.0,4.0,4.0
8C840D,631,2022-09-30,6FAB2EF0,0.0,0.0,8.5,9.5,8.0,7.0,7.0
8C840D,631,2022-09-30,6FAB2EF0,0.0,0.0,8.5,8.5,8.0,8.0,7.0
8C840D,631,2022-09-30,6FAB2EF0,0.0,0.0,0.0,1.0,0.0,3.0,0.0
8C840D,631,2022-09-30,6FAB2EF0,0.0,0.0,-8.5,-9.5,-8.0,-7.0,-7.0
8C840D,631,2022-09-30,6FAB2EF0,0.0,0.0,8.0,8.0,8.0,8.0,8.0
8C840D,631,2022-09-30,6FAB2EF0,0.0,0.0,0.5,1.5,0.0,3.0,1.0
8C840D,631,2022-09-30,6FAB2EF0,0.0,0.0,-8.5,-8.5,-8.0,-8.0,-7.0
8C840D,631,2022-09-30,6FAB2EF0,0.0,0.0,0.0,-1.0,0.0,-3.0,0.0
1FD229,631,2022-09-30,71F4F4E0,0.0,0.0,4.0,4.0,4.0,4.0,4.0
1FD229,631,2022-09-30,71F4F4E0,0.0,0.0,4.0,4.0,4.0,4.0,4.0
1FD229,631,2022-09-30,44D4386D,0.0,0.0,0.0,0.0,1.0,1.0,1.0
AD3A91,631,2022-09-30,71F4F4E0,0.0,0.0,8.0,8.0,8.0,8.0,8.0
AD3A91,631,2022-09-30,71F4F4E0,0.0,12.0,0.0,0.0,0.0,0.0,0.0
AD3A91,631,2022-09-30,71F4F4E0,0.0,0.0,0.0,0.0,0.5,0.0,0.0
1C1473,631,2022-09-30,71F4F4E0,0.0,0.0,5.0,8.0,8.0,6.0,8.0
1C1473,631,2022-09-30,71F4F4E0,0.0,0.0,8.0,8.0,8.0,8.0,8.0
1C1473,631,2022-09-30,71F4F4E0,0.0,0.0,5.0,8.0,8.0,8.0,8.0
1C1473,631,2022-09-30,9B7AFD56,0.0,0.0,3.0,0.0,0.0,0.0,0.0
1C1473,631,2022-09-30,71F4F4E0,0.0,0.0,-8.0,-8.0,-8.0,-8.0,-8.0
1C1473,631,2022-09-30,9B7AFD56,0.0,0.0,0.0,0.0,0.0,2.0,0.0
1C1473,631,2022-09-30,71F4F4E0,0.0,0.0,-5.0,-8.0,-8.0,-8.0,-8.0
CE3F82,897,2022-09-30,D78E9909,0.0,0.0,8.0,8.0,8.0,8.0,8.0
CE3F82,897,2022-09-30,D78E9909,0.0,0.0,1.0,1.0,1.0,1.0,1.0
2351E0,897,2022-09-30,D78E9909,0.0,0.0,8.0,8.0,8.0,8.0,8.0
2351E0,897,2022-09-30,D78E9909,0.0,0.0,1.0,1.0,1.0,1.0,1.0
91B74C,897,2022-09-30,D78E9909,0.0,0.0,2.0,2.0,2.0,2.0,0.0
91B74C,897,2022-09-30,D78E9909,0.0,0.0,7.0,7.0,7.0,7.0,0.0
91B74C,897,2022-09-30,9B7AFD56,0.0,0.0,0.0,0.0,0.0,0.0,8.0
21641A,897,2022-09-30,D78E9909,0.0,0.0,2.0,2.0,2.0,2.0,0.0
21641A,897,2022-09-30,D78E9909,0.0,0.0,4.0,8.0,8.0,8.0,4.0
21641A,897,2022-09-30,9B7AFD56,0.0,0.0,4.0,0.0,0.0,0.0,0.0
9AF9F2,897,2022-09-30,D78E9909,0.0,0.0,7.0,6.0,7.0,7.0,6.0
9AF9F2,897,2022-09-30,D78E9909,0.0,0.0,2.0,2.0,2.0,2.0,2.0
F37679,897,2022-09-30,3E7206D2,0.0,0.0,10.0,10.0,10.0,10.0,0.0
F37679,897,2022-09-30,9B7AFD56,0.0,0.0,0.0,0.0,0.0,0.0,8.0
4EA569,897,2022-09-30,44D4386D,0.0,0.0,0.0,0.0,1.0,1.0,0.0
4EA569,897,2022-09-30,D78E9909,0.0,0.0,6.0,6.0,6.0,6.0,6.0
4EA569,897,2022-09-30,D78E9909,0.0,0.0,3.0,3.0,3.0,4.0,2.0
4EA569,897,2022-09-30,DD772C08,0.0,0.0,0.0,0.0,1.0,0.0,0.0
ED54FC,897,2022-09-30,D78E9909,0.0,0.0,0.0,8.0,8.0,8.0,8.0
ED54FC,897,2022-09-30,9B7AFD56,0.0,0.0,8.0,0.0,0.0,0.0,0.0
2821EE,897,2022-09-30,8081AED9,0.0,0.0,0.0,0.0,0.0,4.0,8.0
2821EE,897,2022-09-30,C1DDBC70,0.0,0.0,8.0,8.0,8.0,4.0,0.0
6D6BEC,897,2022-09-30,D78E9909,0.0,0.0,8.0,8.0,8.0,8.0,8.0
C10023,897,2022-09-30,C1DDBC70,0.0,0.0,8.0,8.0,8.0,8.0,8.0
DADF68,897,2022-09-30,B64F5E06,0.0,0.0,8.0,8.0,8.0,8.0,8.0
B39AEB,897,2022-09-30,3E7206D2,0.0,0.0,8.0,8.0,8.0,8.0,8.0
DC2B97,897,2022-09-30,E7D54290,0.0,0.0,9.0,9.0,9.0,9.0,9.0
F1CDAA,897,2022-09-30,2C474368,0.0,0.0,9.0,9.0,9.0,9.0,9.0
3CBD88,897,2022-09-30,44D4386D,0.0,0.0,0.0,0.0,0.0,0.0,1.0
3CBD88,897,2022-09-30,D78E9909,0.0,0.0,8.0,8.0,8.0,8.0,8.0
8B5A7B,897,2022-09-30,407FF3F1,0.0,0.0,9.0,9.0,9.0,9.0,9.0
3A5D39,897,2022-09-30,3D2C95D9,0.0,0.0,8.0,8.0,8.0,8.0,8.0
823CD9,631,2022-09-30,71F4F4E0,0.0,0.0,9.0,9.0,9.0,9.0,0.0
823CD9,631,2022-09-30,71F4F4E0,0.0,0.0,0.0,0.0,0.0,1.0,0.0
823CD9,631,2022-09-30,9B7AFD56,0.0,0.0,0.0,0.0,0.0,0.0,8.8
E9FAD8,631,2022-09-30,71F4F4E0,0.0,0.0,8.0,8.0,8.0,8.0,8.0
CE1A47,631,2022-09-30,71F4F4E0,0.0,0.0,10.0,9.0,9.0,9.0,8.0
CE1A47,631,2022-09-30,71F4F4E0,0.0,0.0,-9.0,-9.0,-9.0,-9.0,-8.0
CE1A47,631,2022-09-30,71F4F4E0,0.0,0.0,9.0,9.0,9.0,9.0,8.0
CE1A47,631,2022-09-30,179F41AD,9.0,0.0,9.0,9.0,0.0,0.0,9.0
CE1A47,631,2022-09-30,179F41AD,0.0,9.0,0.0,0.0,0.0,0.0,0.0
EB64CF,631,2022-09-30,71F4F4E0,0.0,0.0,8.0,8.0,8.0,8.0,8.0
EB64CF,631,2022-09-30,71F4F4E0,0.0,0.0,1.0,1.0,1.0,1.0,1.0
EB64CF,631,2022-09-30,DA518DA0,0.0,0.0,8.0,8.0,8.0,8.0,8.0
E19234,781,2022-09-30,8F694F36,0.0,0.0,8.0,8.0,8.0,8.0,8.0
7D41A3,781,2022-09-30,8F694F36,0.0,0.0,8.0,8.0,8.0,8.0,8.0
DD89D7,781,2022-09-30,A10D7CA2,0.0,0.0,2.8,2.8,2.8,2.8,2.8
DD89D7,781,2022-09-30,5AE17AF4,0.0,0.0,2.8,2.8,2.8,2.8,2.8
DD89D7,781,2022-09-30,1445A79A,0.0,0.0,1.2,1.2,1.2,1.2,1.2
DD89D7,781,2022-09-30,74B91E52,0.0,0.0,1.6,1.6,1.6,1.6,1.6
DD89D7,781,2022-09-30,DEE6C6EE,0.0,0.0,0.3,0.2,0.3,0.2,0.3
DD89D7,781,2022-09-30,6041EB3F,0.0,0.0,0.2,0.2,0.2,0.2,0.4
DD89D7,781,2022-09-30,C34E8A78,0.0,0.0,0.2,0.3,0.2,0.3,0.3
DD89D7,781,2022-09-30,5AF13168,0.0,0.0,0.3,0.3,0.3,0.3,0.0
D5980E,631,2022-09-30,71F4F4E0,0.0,0.0,9.0,9.0,8.0,9.0,9.0
D5980E,631,2022-09-30,71F4F4E0,0.0,9.0,0.0,0.0,0.0,0.0,0.0
F226A6,631,2022-09-30,71F4F4E0,0.0,0.0,4.0,4.0,4.0,4.0,4.0
F226A6,631,2022-09-30,71F4F4E0,0.0,0.0,4.0,4.0,4.0,4.0,4.0
F226A6,631,2022-09-30,71F4F4E0,12.0,12.0,0.0,0.0,0.0,0.0,0.0
B585C0,631,2022-09-30,71F4F4E0,0.0,0.0,8.0,8.0,8.0,8.0,8.0
099390,631,2022-09-30,71F4F4E0,0.0,0.0,8.0,8.0,8.0,8.0,8.0
099390,631,2022-09-30,71F4F4E0,0.0,10.0,2.0,0.0,0.0,0.0,0.0
B696D4,631,2022-09-30,71F4F4E0,0.0,0.0,8.0,8.0,8.0,8.0,9.0
B696D4,631,2022-09-30,71F4F4E0,0.0,0.0,-8.0,-8.0,-8.0,-8.0,-4.0
B696D4,631,2022-09-30,44D4386D,0.0,0.0,0.0,0.0,0.0,0.0,-4.0
B696D4,631,2022-09-30,71F4F4E0,0.0,0.0,6.0,6.0,8.0,8.0,3.0
B696D4,631,2022-09-30,44D4386D,0.0,0.0,1.0,2.0,0.0,0.0,4.0
B696D4,631,2022-09-30,44D4386D,0.0,0.0,1.0,0.0,0.0,0.0,1.0
B696D4,631,2022-09-30,71F4F4E0,0.0,0.0,8.0,8.0,8.0,8.0,4.0
B696D4,631,2022-09-30,44D4386D,0.0,0.0,0.0,0.0,0.0,0.0,4.0
B696D4,631,2022-09-30,44D4386D,0.0,0.0,0.0,1.0,1.0,1.0,0.0
B696D4,631,2022-09-30,71F4F4E0,0.0,0.0,-6.0,-6.0,-8.0,-8.0,-3.0
B696D4,631,2022-09-30,44D4386D,0.0,0.0,-1.0,-2.0,0.0,0.0,-4.0
B696D4,631,2022-09-30,44D4386D,0.0,0.0,-1.0,0.0,0.0,0.0,-1.0
992538,631,2022-09-30,9B7AFD56,0.0,0.0,8.8,8.8,8.8,8.8,8.8
99EE0D,631,2022-09-30,71F4F4E0,0.0,0.0,3.0,3.0,3.0,4.0,4.0
99EE0D,631,2022-09-30,71F4F4E0,0.0,0.0,6.0,6.0,5.0,4.0,4.0
99EE0D,631,2022-09-30,71F4F4E0,0.0,0.0,3.0,3.0,3.5,4.0,4.0
99EE0D,631,2022-09-30,71F4F4E0,0.0,0.0,-3.0,-3.0,-3.0,-4.0,-4.0
99EE0D,631,2022-09-30,71F4F4E0,0.0,0.0,6.0,6.0,5.0,4.0,4.5
99EE0D,631,2022-09-30,71F4F4E0,0.0,0.0,-6.0,-6.0,-5.0,-4.0,-4.0
091759,631,2022-09-30,71F4F4E0,0.0,0.0,0.0,8.0,8.0,8.0,8.0
091759,631,2022-09-30,9B7AFD56,0.0,0.0,8.8,0.0,0.0,0.0,0.0
C3AFC6,631,2022-09-30,71F4F4E0,0.0,0.0,8.0,8.0,8.0,8.0,8.0
ACC0A0,631,2022-09-30,71F4F4E0,0.0,0.0,8.0,8.0,8.0,8.0,8.0
ACC0A0,631,2022-09-30,71F4F4E0,0.0,12.0,1.0,1.0,1.0,1.0,1.0
21199E,631,2022-09-30,9B7AFD56,0.0,0.0,8.8,8.8,8.8,8.8,8.8
2CFCD7,631,2022-09-30,71F4F4E0,0.0,0.0,9.5,9.0,9.0,9.0,9.0
2CFCD7,631,2022-09-30,71F4F4E0,0.0,0.0,-9.0,-9.0,-9.0,-9.0,-9.0
2CFCD7,631,2022-09-30,71F4F4E0,0.0,0.0,9.5,9.0,12.5,9.0,9.0
2CFCD7,631,2022-09-30,71F4F4E0,0.0,0.0,-9.5,-9.0,-9.0,-9.0,-9.0
2CFCD7,631,2022-09-30,71F4F4E0,0.0,0.0,9.5,9.0,12.5,8.0,9.0
2CFCD7,631,2022-09-30,71F4F4E0,0.0,0.0,-9.5,-9.0,-12.5,-9.0,-9.0
2CFCD7,631,2022-09-30,71F4F4E0,0.0,0.0,9.5,9.0,12.5,8.0,8.0
2CFCD7,631,2022-09-30,71F4F4E0,0.0,0.0,-9.5,-9.0,-12.5,-8.0,-9.0
2CFCD7,631,2022-09-30,71F4F4E0,0.0,0.0,9.5,9.0,11.5,8.0,8.0
2CFCD7,631,2022-09-30,71F4F4E0,0.0,0.0,-9.5,-9.0,-12.5,-8.0,-8.0
2CFCD7,631,2022-09-30,71F4F4E0,0.0,0.0,9.0,9.0,9.0,9.0,9.0
F7830A,631,2022-09-30,71F4F4E0,0.0,0.0,9.0,9.0,9.0,9.0,8.0
2D6861,631,2022-09-30,E4588499,0.0,0.0,6.0,6.0,6.0,6.0,6.0
2D6861,631,2022-09-30,71F4F4E0,0.0,0.0,2.0,2.0,2.0,2.0,2.0
F0B7C7,631,2022-09-30,71F4F4E0,0.0,0.0,8.0,8.0,8.0,8.0,8.0
B061ED,631,2022-09-30,AD9D6A11,12.0,12.0,12.0,12.0,12.0,12.0,12.0
B061ED,631,2022-09-30,AD9D6A11,0.0,0.0,1.0,1.0,1.0,1.0,1.0
B061ED,631,2022-09-30,71F4F4E0,0.0,0.0,8.0,8.0,8.0,8.0,8.0
B061ED,631,2022-09-30,71F4F4E0,0.0,0.0,1.0,1.0,1.0,1.0,1.0
8119A9,631,2022-09-30,71F4F4E0,0.0,0.0,10.0,10.0,10.0,10.0,10.0
8119A9,631,2022-09-30,71F4F4E0,10.0,0.0,0.0,0.0,0.0,0.0,0.0
8119A9,631,2022-09-30,71F4F4E0,-10.0,0.0,0.0,0.0,0.0,0.0,0.0
D187E9,631,2022-09-30,71F4F4E0,0.0,0.0,8.0,8.0,8.0,8.0,8.0
A6E59D,631,2022-09-30,71F4F4E0,0.0,0.0,8.0,8.0,8.0,8.0,7.0
A6E59D,631,2022-09-30,71F4F4E0,0.0,0.0,1.0,1.0,1.0,1.0,1.0
A6E59D,631,2022-09-30,71F4F4E0,7.5,7.5,0.0,0.0,0.0,0.0,0.0
AE4FE2,631,2022-09-30,71F4F4E0,0.0,0.0,8.0,8.0,8.0,8.0,8.0
187951,631,2022-09-30,71F4F4E0,0.0,0.0,8.0,8.0,8.0,8.0,8.0
187951,631,2022-09-30,71F4F4E0,0.0,0.0,0.0,0.0,0.0,5.0,0.0
187951,631,2022-09-30,71F4F4E0,0.0,0.0,2.0,2.0,2.0,2.0,2.0
187951,631,2022-09-30,71F4F4E0,0.0,0.0,2.0,2.0,1.5,2.0,2.0
187951,631,2022-09-30,71F4F4E0,0.0,0.0,-2.0,-2.0,-2.0,-2.0,-2.0
9BB536,631,2022-09-30,E4588499,0.0,0.0,8.0,8.0,8.0,8.0,8.0
9BB536,631,2022-09-30,E4588499,0.0,0.0,10.0,6.0,8.0,8.0,8.0
9BB536,631,2022-09-30,E4588499,0.0,0.0,0.0,0.0,0.0,0.0,3.0
9BB536,631,2022-09-30,E4588499,0.0,0.0,-8.0,-8.0,-8.0,-8.0,-8.0
A9BAC0,631,2022-09-30,71F4F4E0,0.0,0.0,8.0,9.0,9.0,8.0,8.0
A9BAC0,631,2022-09-30,71F4F4E0,0.0,0.0,1.0,0.0,0.0,1.0,0.0
A9BAC0,631,2022-09-30,71F4F4E0,0.0,0.0,1.0,1.0,0.0,1.0,1.0
59ECB7,631,2022-09-30,71F4F4E0,0.0,0.0,8.0,8.0,8.0,8.0,8.0
F9C38E,631,2022-09-30,E4588499,0.0,0.0,5.0,5.0,5.0,5.0,5.0
F9C38E,631,2022-09-30,E26D6E4F,0.0,0.0,1.0,1.0,1.0,1.0,1.0
F9C38E,631,2022-09-30,AB277446,0.0,0.0,2.0,2.0,2.0,2.0,2.0
F9C38E,631,2022-09-30,E26D6E4F,0.0,0.0,1.0,1.0,1.0,2.0,0.0
F9C38E,631,2022-09-30,E26D6E4F,0.0,0.0,-1.0,-1.0,-1.0,-1.0,-1.0
F9C38E,631,2022-09-30,E26D6E4F,0.0,0.0,1.0,1.0,1.0,1.5,0.5
F9C38E,631,2022-09-30,E26D6E4F,0.0,0.0,-1.0,-1.0,-1.0,-2.0,0.0
FB9FEA,631,2022-09-30,406FF608,0.0,0.0,8.5,8.5,8.5,8.5,9.5
FB9FEA,631,2022-09-30,406FF608,0.0,0.0,8.5,8.5,8.5,8.5,9.0
FB9FEA,631,2022-09-30,406FF608,0.0,0.0,-8.5,-8.5,-8.5,-8.5,-9.5
FD3341,631,2022-09-30,E4588499,0.0,0.0,8.0,8.0,8.0,8.0,8.0
99A3A5,631,2022-09-30,53B0781B,0.0,0.0,10.0,10.0,8.0,8.0,8.0
E8476A,631,2022-09-30,71F4F4E0,0.0,0.0,9.0,9.0,9.0,9.0,8.0
E8476A,631,2022-09-30,71F4F4E0,0.0,7.6,0.0,0.0,0.0,0.0,0.0
E8476A,631,2022-09-30,71F4F4E0,0.0,7.6,1.0,1.0,1.0,0.0,0.0
E8476A,631,2022-09-30,71F4F4E0,0.0,-7.6,0.0,0.0,0.0,0.0,0.0
E8476A,631,2022-09-30,71F4F4E0,0.0,7.5,1.0,1.0,1.0,0.0,0.0
E8476A,631,2022-09-30,71F4F4E0,0.0,-7.6,-1.0,-1.0,-1.0,0.0,0.0
05B3F2,897,2022-09-30,E73E4029,0.0,0.0,3.0,3.0,3.0,3.0,3.0
05B3F2,897,2022-09-30,C1DDBC70,0.0,0.0,5.0,5.0,5.0,5.0,5.0
E66BE4,897,2022-09-30,D78E9909,0.0,0.0,6.0,6.0,6.0,6.0,6.0
E66BE4,897,2022-09-30,48480870,0.0,0.0,2.0,2.0,2.0,2.0,2.0
02B33D,897,2022-09-30,9B7AFD56,0.0,0.0,0.0,0.0,0.0,8.0,8.0
02B33D,897,2022-09-30,D78E9909,0.0,0.0,0.0,8.0,8.0,8.0,8.0
02B33D,897,2022-09-30,9B7AFD56,0.0,0.0,8.0,0.0,0.0,0.0,0.0
02B33D,897,2022-09-30,D78E9909,0.0,0.0,8.0,8.0,8.0,0.0,0.0
02B33D,897,2022-09-30,D78E9909,0.0,0.0,0.0,-8.0,-8.0,-8.0,-8.0
02B33D,897,2022-09-30,9B7AFD56,0.0,0.0,-8.0,0.0,0.0,0.0,0.0
F91297,897,2022-09-30,097DF722,0.0,0.0,8.0,8.0,8.0,8.0,8.0
8B8C51,897,2022-09-30,097DF722,0.0,0.0,4.0,4.0,5.0,4.0,4.0
8B8C51,897,2022-09-30,9B7AFD56,0.0,0.0,0.0,0.0,1.0,0.0,0.0
8B8C51,897,2022-09-30,9B7AFD56,0.0,0.0,2.0,2.0,0.0,3.0,3.0
8B8C51,897,2022-09-30,E73E4029,0.0,0.0,2.0,2.0,2.0,1.0,1.0
4FAA1E,897,2022-09-30,D78E9909,0.0,0.0,2.0,2.0,2.0,2.0,2.0
4FAA1E,897,2022-09-30,D78E9909,0.0,0.0,6.0,6.0,6.0,6.0,6.0
4FAA1E,897,2022-09-30,3E7206D2,0.0,0.0,1.0,1.0,0.0,0.0,0.0
2C7F72,897,2022-09-30,0A8DA31D,0.0,0.0,4.0,4.0,4.0,4.0,4.0
2C7F72,897,2022-09-30,6D21D060,0.0,0.0,4.0,4.0,4.0,4.0,4.0
C3256E,897,2022-09-30,34EB24A6,0.0,0.0,8.0,8.0,8.0,8.0,8.0
D3B71F,897,2022-09-30,D78E9909,0.0,0.0,9.0,9.0,8.0,8.0,8.0
607501,897,2022-09-30,D78E9909,0.0,0.0,4.0,4.0,4.0,4.0,4.0
607501,897,2022-09-30,D78E9909,0.0,0.0,4.0,4.0,4.0,4.0,4.0
3F4348,897,2022-09-30,D78E9909,0.0,0.0,9.0,9.0,9.0,9.0,9.0
727FF2,897,2022-09-30,D78E9909,0.0,0.0,5.0,5.0,0.0,0.0,0.0
727FF2,897,2022-09-30,9B7AFD56,0.0,0.0,0.0,0.0,8.0,8.0,8.0
727FF2,897,2022-09-30,48480870,0.0,0.0,3.0,3.0,0.0,0.0,0.0
590774,897,2022-09-30,34EB24A6,0.0,0.0,9.0,9.0,9.0,9.0,0.0
590774,897,2022-09-30,9B7AFD56,0.0,0.0,0.0,0.0,0.0,0.0,8.0
590774,897,2022-09-30,34EB24A6,0.0,0.0,9.0,9.0,9.0,9.0,8.0
590774,897,2022-09-30,9B7AFD56,0.0,0.0,0.0,0.0,0.0,0.0,-8.0
590774,897,2022-09-30,34EB24A6,0.0,0.0,-9.0,-9.0,-9.0,-9.0,0.0
F2501D,897,2022-09-30,407FF3F1,0.0,0.0,9.0,9.0,9.0,9.0,9.0
F3535C,897,2022-09-30,D78E9909,0.0,0.0,4.0,4.0,4.0,4.0,4.0
F3535C,897,2022-09-30,D78E9909,0.0,0.0,4.0,4.0,4.0,4.0,4.0
C25C24,897,2022-09-30,D78E9909,0.0,0.0,8.0,8.0,8.0,8.0,0.0
C25C24,897,2022-09-30,9B7AFD56,0.0,0.0,0.0,0.0,0.0,0.0,8.0
AB4640,897,2022-09-30,D78E9909,0.0,0.0,9.0,9.0,9.0,9.0,9.0
34A54F,897,2022-09-30,EA9B4BA3,0.0,0.0,0.0,1.0,1.0,4.0,4.0
34A54F,897,2022-09-30,810DD52F,0.0,0.0,1.0,2.0,2.0,1.0,1.0
34A54F,897,2022-09-30,3B776BE5,0.0,0.0,1.0,1.0,1.0,1.0,1.0
34A54F,897,2022-09-30,521733A1,0.0,0.0,3.0,1.0,1.0,0.0,0.0
34A54F,897,2022-09-30,5B26587F,0.0,0.0,3.5,2.0,2.0,1.0,1.0
34A54F,897,2022-09-30,E9549185,0.0,0.0,0.0,0.0,0.0,2.0,2.0
B4B6FA,897,2022-09-30,48480870,0.0,0.0,8.0,8.0,8.0,8.0,8.0
8B1F00,897,2022-09-30,D78E9909,0.0,0.0,8.0,8.0,8.0,8.0,8.0
20FB70,897,2022-09-30,D78E9909,0.0,0.0,9.0,14.0,9.0,8.0,8.0
73D8F0,897,2022-09-30,DAB145B2,0.0,0.0,0.0,2.0,1.0,0.0,0.0
73D8F0,897,2022-09-30,810DD52F,0.0,0.0,2.0,2.0,2.0,2.0,0.0
73D8F0,897,2022-09-30,3B776BE5,0.0,0.0,2.0,2.0,2.0,0.0,0.0
73D8F0,897,2022-09-30,521733A1,0.0,0.0,2.0,1.0,1.0,0.0,0.0
73D8F0,897,2022-09-30,E9549185,0.0,0.0,0.0,0.0,0.0,8.0,8.0
73D8F0,897,2022-09-30,8C61F90D,0.0,0.0,1.0,1.0,1.0,0.0,0.0
73D8F0,897,2022-09-30,E9549185,0.0,0.0,0.0,0.0,0.0,1.0,0.0
73D8F0,897,2022-09-30,9B7AFD56,0.0,0.0,0.0,0.0,0.0,7.0,8.0
73D8F0,897,2022-09-30,E9549185,0.0,0.0,0.0,0.0,0.0,-8.0,-8.0
73D8F0,897,2022-09-30,7A8D80A0,0.0,0.0,0.0,0.0,0.0,8.0,8.0
73D8F0,897,2022-09-30,9B7AFD56,0.0,0.0,0.0,0.0,0.0,-7.0,-8.0
73D8F0,897,2022-09-30,E9549185,0.0,0.0,0.0,0.0,0.0,-1.0,0.0
0A7323,897,2022-09-30,0A8DA31D,0.0,0.0,4.0,4.0,4.0,4.0,4.0
0A7323,897,2022-09-30,10868816,0.0,0.0,2.0,2.0,2.0,2.0,2.0
0A7323,897,2022-09-30,BF077879,0.0,0.0,2.0,0.0,2.0,0.0,2.0
0A7323,897,2022-09-30,BF077879,0.0,0.0,0.0,2.0,0.0,2.0,0.0
EE6E95,897,2022-09-30,9B7AFD56,0.0,0.0,8.0,8.0,8.0,8.0,8.0
97B35F,897,2022-09-30,6D21D060,0.0,0.0,8.0,8.0,8.0,8.0,8.0
61AAF0,897,2022-09-30,D78E9909,0.0,0.0,8.0,8.0,8.0,8.0,8.0
61AAF0,897,2022-09-30,50D73AFE,0.0,0.0,1.0,1.0,1.0,1.0,1.0
B7F1EE,897,2022-09-30,9B7AFD56,0.0,0.0,0.0,9.0,9.0,9.0,9.0
B7F1EE,897,2022-09-30,48480870,0.0,0.0,9.0,0.0,0.0,0.0,0.0
E830D5,897,2022-09-30,0A8DA31D,0.0,0.0,1.0,1.0,1.0,1.0,1.0
E830D5,897,2022-09-30,44D4386D,0.0,0.0,0.0,0.0,0.0,0.0,0.5
E830D5,897,2022-09-30,D78E9909,0.0,0.0,7.0,7.0,7.0,7.0,7.0
1E6B4A,897,2022-09-30,D78E9909,0.0,0.0,8.0,8.0,8.0,8.0,8.0
B838E0,897,2022-09-30,D78E9909,0.0,0.0,8.0,8.0,8.0,8.0,8.0
A25604,897,2022-09-30,D78E9909,0.0,0.0,9.0,9.0,9.0,9.0,9.0
8993DC,897,2022-09-30,D78E9909,0.0,0.0,9.0,9.0,9.0,9.0,9.0
E32964,897,2022-09-30,D78E9909,0.0,0.0,10.0,10.0,10.0,10.0,9.0
D15DA7,897,2022-09-30,558D5087,0.0,0.0,8.0,8.0,8.0,8.0,8.0
D15DA7,897,2022-09-30,558D5087,0.0,0.0,8.0,5.0,8.0,7.0,8.0
D15DA7,897,2022-09-30,D78E9909,0.0,0.0,0.0,3.0,0.0,1.0,0.0
D15DA7,897,2022-09-30,558D5087,0.0,0.0,-8.0,-8.0,-8.0,-8.0,-8.0
A5BDBB,897,2022-09-30,E73E4029,0.0,0.0,8.0,8.0,8.0,8.0,8.0
37E41F,897,2022-09-30,3B776BE5,0.0,0.0,9.0,9.0,9.0,9.0,9.0
3E4B7B,897,2022-09-30,3D2C95D9,0.0,0.0,8.0,8.0,8.0,8.0,8.0
4AAEF2,897,2022-09-30,E8AB2AB0,0.0,0.0,0.5,0.5,0.5,0.5,0.0
4AAEF2,897,2022-09-30,3D2C95D9,0.0,0.0,9.0,9.0,9.0,9.0,9.0
50FB10,897,2022-09-30,D78E9909,0.0,0.0,0.0,0.0,1.0,0.0,0.0
50FB10,897,2022-09-30,D78E9909,0.0,0.0,8.0,8.0,7.0,8.0,8.0
453072,897,2022-09-30,D78E9909,0.0,0.0,8.0,6.0,8.0,6.0,8.0
453072,897,2022-09-30,9B7AFD56,0.0,0.0,0.0,2.0,0.0,2.0,0.0
72C039,897,2022-09-30,44D4386D,0.0,0.0,0.0,0.0,0.0,0.0,4.0
72C039,897,2022-09-30,3E7206D2,0.0,0.0,8.0,8.0,8.0,8.0,4.0
EE2170,897,2022-09-30,D78E9909,0.0,0.0,8.0,8.0,8.0,8.0,8.0
8E8849,897,2022-09-30,3D2C95D9,0.0,0.0,9.0,9.0,9.0,9.0,9.0
8E8849,897,2022-09-30,3D2C95D9,0.0,0.0,5.0,5.0,9.0,9.0,9.0
8E8849,897,2022-09-30,8C61F90D,0.0,0.0,4.0,4.0,0.0,0.0,0.0
8E8849,897,2022-09-30,3D2C95D9,0.0,0.0,-9.0,-9.0,-9.0,-9.0,-9.0
69F53E,897,2022-09-30,D78E9909,0.0,0.0,8.0,8.0,8.0,8.0,8.0
5DCC60,897,2022-09-30,D78E9909,0.0,0.0,8.0,8.0,8.0,8.0,8.0
BF9FB0,897,2022-09-30,8081AED9,0.0,0.0,4.0,4.0,4.0,4.0,4.0
BF9FB0,897,2022-09-30,0A8DA31D,0.0,0.0,4.0,4.0,4.0,4.0,4.0
9B58E5,897,2022-09-30,D78E9909,0.0,0.0,0.0,9.0,9.0,9.0,9.0
9B58E5,897,2022-09-30,9B7AFD56,0.0,0.0,8.0,0.0,0.0,0.0,0.0
6E22A2,897,2022-09-30,D78E9909,0.0,0.0,9.0,9.0,9.0,8.0,8.0
5FC38D,897,2022-09-30,3B776BE5,0.0,0.0,9.0,9.0,9.0,9.0,9.0
F735BF,897,2022-09-30,D78E9909,0.0,0.0,8.0,8.0,0.0,8.0,8.0
F735BF,897,2022-09-30,9B7AFD56,0.0,0.0,0.0,0.0,8.0,0.0,0.0
EC955F,897,2022-09-30,D78E9909,0.0,0.0,9.0,9.0,9.0,9.0,9.0
65CD99,897,2022-09-30,D78E9909,0.0,0.0,8.0,8.0,8.0,8.0,8.0
9BC9E0,897,2022-09-30,D78E9909,0.0,0.0,3.5,3.5,4.0,4.0,4.0
9BC9E0,897,2022-09-30,D78E9909,0.0,0.0,5.0,5.0,5.0,5.0,5.0
9BC9E0,897,2022-09-30,9A2299D7,0.0,0.0,0.5,0.5,0.0,0.0,0.0
9BC9E0,897,2022-09-30,D78E9909,0.0,0.0,3.5,3.5,4.0,4.0,3.0
9BC9E0,897,2022-09-30,D78E9909,0.0,0.0,5.0,5.0,5.0,5.0,2.0
9BC9E0,897,2022-09-30,9B7AFD56,0.0,0.0,0.0,0.0,0.0,0.0,4.0
9BC9E0,897,2022-09-30,D78E9909,0.0,0.0,-3.5,-3.5,-4.0,-4.0,-4.0
9BC9E0,897,2022-09-30,D78E9909,0.0,0.0,-5.0,-5.0,-5.0,-5.0,-5.0
59F741,897,2022-09-30,4FF63FC2,0.0,0.0,0.0,1.0,1.0,1.0,2.0
59F741,897,2022-09-30,44D4386D,0.0,0.0,0.0,1.0,2.0,2.0,1.0
59F741,897,2022-09-30,633D0EEE,0.0,0.0,0.0,0.0,0.0,1.0,1.0
59F741,897,2022-09-30,3E7206D2,0.0,0.0,0.0,3.0,2.0,2.0,3.0
59F741,897,2022-09-30,5DA70E45,0.0,0.0,0.0,1.0,0.0,0.0,1.0
59F741,897,2022-09-30,9B7AFD56,0.0,0.0,8.0,0.0,0.0,0.0,0.0
59F741,897,2022-09-30,E31B4333,0.0,0.0,0.0,1.0,1.0,1.0,3.0
59F741,897,2022-09-30,F74470FF,0.0,0.0,0.0,2.0,2.0,2.0,0.0
B88EF5,897,2022-09-30,44D4386D,0.0,0.0,0.0,0.0,0.0,2.0,0.0
B88EF5,897,2022-09-30,D78E9909,0.0,0.0,9.0,8.0,9.0,8.0,4.0
B88EF5,897,2022-09-30,9B7AFD56,0.0,0.0,0.0,0.0,0.0,0.0,4.0
B88EF5,897,2022-09-30,44D4386D,0.0,0.0,0.0,0.0,0.0,1.0,1.0
B88EF5,897,2022-09-30,D78E9909,0.0,0.0,9.0,8.0,9.0,8.0,6.0
B88EF5,897,2022-09-30,D78E9909,0.0,0.0,-9.0,-8.0,-9.0,-8.0,-4.0
B88EF5,897,2022-09-30,44D4386D,0.0,0.0,0.0,0.0,0.0,-2.0,0.0
B88EF5,897,2022-09-30,9B7AFD56,0.0,0.0,0.0,0.0,0.0,0.0,-4.0
D27AEB,897,2022-09-30,D78E9909,0.0,0.0,8.0,8.0,8.0,8.0,8.0
D27AEB,897,2022-09-30,D78E9909,1.0,1.0,0.0,0.0,0.0,0.0,0.0
ACDB09,897,2022-09-30,097DF722,0.0,7.0,9.0,9.0,9.0,9.0,9.0
ACDB09,897,2022-09-30,097DF722,0.0,8.0,9.0,0.0,9.0,9.0,9.0
ACDB09,897,2022-09-30,097DF722,0.0,-7.0,-9.0,-9.0,-9.0,-9.0,-9.0
1D0AB4,897,2022-09-30,48480870,0.0,0.0,9.0,9.0,9.0,9.0,8.0
E539D7,897,2022-09-30,D78E9909,0.0,0.0,11.0,11.0,11.0,11.0,11.0
B27EE5,897,2022-09-30,D78E9909,0.0,0.0,10.0,10.0,10.0,10.0,0.0
7447B2,897,2022-09-30,0A8DA31D,0.0,0.0,9.0,8.0,8.0,8.5,8.5
7447B2,897,2022-09-30,D78E9909,0.0,0.0,0.0,1.0,1.0,0.5,0.5
4D8147,897,2022-09-30,B0B49435,0.0,0.0,8.0,8.0,8.0,8.0,0.0
4D8147,897,2022-09-30,44D4386D,0.0,0.0,0.0,0.0,0.0,0.0,8.0
A6F823,897,2022-09-30,9B7AFD56,0.0,0.0,8.0,8.0,8.0,8.0,8.0
677270,897,2022-09-30,34EB24A6,0.0,0.0,8.0,8.0,8.0,8.0,8.0
678D77,897,2022-09-30,407FF3F1,0.0,0.0,9.0,9.0,9.0,9.0,9.0
75CFFD,897,2022-09-30,D78E9909,0.0,0.0,8.0,8.0,8.0,8.0,8.0
A56D4F,897,2022-09-30,E7D54290,0.0,0.0,9.0,9.0,9.0,9.0,9.0
0A0D30,897,2022-09-30,D78E9909,0.0,0.0,8.0,8.0,8.0,8.0,8.0
7FF243,897,2022-09-30,D78E9909,0.0,0.0,8.0,8.0,8.0,8.0,8.0
2FAD1A,897,2022-09-30,9B7AFD56,0.0,0.0,8.0,8.0,8.0,8.0,8.0
35B73C,897,2022-09-30,D78E9909,0.0,0.0,6.0,6.0,6.0,6.0,6.0
35B73C,897,2022-09-30,D78E9909,0.0,0.0,2.0,2.0,2.0,2.0,2.0
0E179A,897,2022-09-30,0A8DA31D,0.0,0.0,8.0,8.0,8.0,8.0,8.0
4510FA,897,2022-09-30,D78E9909,0.0,0.0,10.0,10.0,10.0,9.0,9.0
6C9E11,897,2022-09-30,34EB24A6,0.0,0.0,8.0,8.0,8.0,8.0,8.0
E365DE,897,2022-09-30,D78E9909,0.0,0.0,8.0,8.0,8.0,8.0,8.0
1B3E58,897,2022-09-30,D78E9909,0.0,0.0,8.0,8.0,8.0,8.0,8.0
B46468,897,2022-09-30,D78E9909,0.0,0.0,5.0,5.0,5.0,5.0,5.0
B46468,897,2022-09-30,D78E9909,0.0,0.0,4.0,4.0,4.0,4.0,3.0
142B71,897,2022-09-30,48480870,0.0,0.0,8.0,8.0,8.0,8.0,8.0
00C396,897,2022-09-30,E73E4029,0.0,0.0,8.0,8.0,8.0,8.0,8.0
EFF194,897,2022-09-30,E7D54290,0.0,0.0,9.0,9.0,9.0,9.0,9.0
03BF53,897,2022-09-30,48480870,0.0,0.0,9.0,9.0,9.0,9.0,9.0
137B96,897,2022-09-30,3D2C95D9,0.0,0.0,8.0,8.0,8.0,8.0,8.0
0C0C4B,897,2022-09-30,D78E9909,0.0,0.0,8.0,8.0,8.0,8.0,8.0
0C0C4B,897,2022-09-30,D78E9909,0.0,0.0,8.0,8.0,8.0,0.0,0.0
0C0C4B,897,2022-09-30,9B7AFD56,0.0,0.0,0.0,0.0,0.0,8.0,8.0
0C0C4B,897,2022-09-30,D78E9909,0.0,0.0,-8.0,-8.0,-8.0,-8.0,-8.0
6BE6E9,897,2022-09-30,D78E9909,0.0,0.0,8.0,8.0,8.0,8.0,8.0
6BE6E9,897,2022-09-30,D78E9909,0.0,0.0,9.0,8.0,9.0,8.0,8.0
6BE6E9,897,2022-09-30,D78E9909,0.0,0.0,-8.0,-8.0,-8.0,-8.0,-8.0
F0F255,897,2022-09-30,3B776BE5,0.0,0.0,8.0,8.0,8.0,8.0,8.0
71F981,897,2022-09-30,E73E4029,0.0,0.0,8.0,8.0,8.0,8.0,8.0
FD0856,897,2022-09-30,0A8DA31D,0.0,0.0,1.0,0.0,0.0,0.0,0.0
FD0856,897,2022-09-30,9B7AFD56,0.0,0.0,0.0,8.0,8.0,8.0,8.0
FD0856,897,2022-09-30,7EA26C6A,0.0,0.0,1.0,0.0,0.0,0.0,0.0
FD0856,897,2022-09-30,2BAC1F0B,0.0,0.0,6.0,0.0,0.0,0.0,0.0
FD0856,897,2022-09-30,6D21D060,0.0,0.0,7.0,0.0,0.0,0.0,0.0
FD0856,897,2022-09-30,7EA26C6A,0.0,0.0,-1.0,0.0,0.0,0.0,0.0
FD0856,897,2022-09-30,2BAC1F0B,0.0,0.0,-6.0,0.0,0.0,0.0,0.0
D1343D,897,2022-09-30,D78E9909,0.0,0.0,8.0,8.0,8.0,8.0,8.0
A42FA3,897,2022-09-30,D78E9909,0.0,0.0,8.0,8.0,8.0,8.0,8.0
DB5DE5,897,2022-09-30,D78E9909,0.0,0.0,8.0,8.0,8.0,8.0,8.0
0B048A,897,2022-09-30,D78E9909,0.0,0.0,8.0,8.0,8.0,8.0,8.0
D9D3D2,897,2022-09-30,D78E9909,0.0,0.0,8.0,8.0,8.0,8.0,8.0
D9D3D2,897,2022-09-30,D78E9909,0.0,0.0,8.0,8.0,8.0,0.0,8.0
D9D3D2,897,2022-09-30,9B7AFD56,0.0,0.0,0.0,0.0,0.0,8.0,0.0
D9D3D2,897,2022-09-30,D78E9909,0.0,0.0,-8.0,-8.0,-8.0,-8.0,-8.0
D42835,897,2022-09-30,D78E9909,0.0,0.0,8.0,8.0,8.0,8.0,8.0
A82F41,897,2022-09-30,3E7206D2,0.0,0.0,0.0,0.0,8.0,8.0,8.0
A82F41,897,2022-09-30,9B7AFD56,0.0,0.0,8.0,8.0,0.0,0.0,0.0
5339FC,897,2022-09-30,D78E9909,0.0,0.0,8.0,8.0,8.0,8.0,8.0
6C4F65,897,2022-09-30,9106007A,0.0,0.0,9.0,9.0,9.0,9.0,9.0
C66191,897,2022-09-30,10868816,0.0,0.0,2.0,2.0,2.0,2.0,2.0
C66191,897,2022-09-30,BF077879,0.0,0.0,2.0,2.0,2.0,2.0,2.0
C66191,897,2022-09-30,6EA6AD61,0.0,0.0,4.0,4.0,4.0,4.0,4.0
C9F2BC,897,2022-09-30,44D4386D,0.0,0.0,1.0,0.5,0.5,1.0,3.0
C9F2BC,897,2022-09-30,D78E9909,0.0,0.0,0.0,0.5,0.0,0.5,0.0
C9F2BC,897,2022-09-30,D78E9909,0.0,0.0,9.0,8.5,9.0,7.5,5.0
D0FBD4,897,2022-09-30,D78E9909,0.0,0.0,1.0,1.0,1.0,1.0,0.0
D0FBD4,897,2022-09-30,D78E9909,0.0,0.0,8.0,8.0,8.0,8.0,0.0
D0FBD4,897,2022-09-30,9B7AFD56,0.0,0.0,0.0,0.0,0.0,0.0,8.0
FDE952,897,2022-09-30,D78E9909,0.0,0.0,3.0,7.0,7.0,7.0,7.0
FDE952,897,2022-09-30,D78E9909,0.0,0.0,5.0,1.0,1.0,1.0,1.0
FDE952,897,2022-09-30,D78E9909,0.0,0.0,1.0,1.0,1.0,0.0,0.0
FDE952,897,2022-09-30,D78E9909,0.0,0.0,2.5,7.0,7.0,7.0,7.0
FDE952,897,2022-09-30,D78E9909,0.0,0.0,5.5,1.0,1.0,1.0,1.0
FDE952,897,2022-09-30,D78E9909,0.0,0.0,-3.0,-7.0,-7.0,-7.0,-7.0
FDE952,897,2022-09-30,D78E9909,0.0,0.0,-5.0,-1.0,-1.0,-1.0,-1.0
FDE952,897,2022-09-30,D78E9909,0.0,0.0,2.5,0.0,7.0,7.0,7.0
FDE952,897,2022-09-30,D78E9909,0.0,0.0,5.5,8.0,1.0,1.0,1.0
FDE952,897,2022-09-30,D78E9909,0.0,0.0,1.0,0.0,1.0,0.0,0.0
FDE952,897,2022-09-30,D78E9909,0.0,0.0,0.0,1.0,0.0,0.0,0.0
FDE952,897,2022-09-30,D78E9909,0.0,0.0,-2.5,-7.0,-7.0,-7.0,-7.0
FDE952,897,2022-09-30,D78E9909,0.0,0.0,-5.5,-1.0,-1.0,-1.0,-1.0
FDE952,897,2022-09-30,D78E9909,0.0,0.0,-1.0,-1.0,-1.0,0.0,0.0
FDE952,897,2022-09-30,D78E9909,0.0,0.0,2.5,0.0,0.5,7.0,7.0
FDE952,897,2022-09-30,D78E9909,0.0,0.0,5.5,8.0,7.5,1.0,1.0
FDE952,897,2022-09-30,D78E9909,0.0,0.0,1.0,0.0,0.0,0.0,0.0
FDE952,897,2022-09-30,D78E9909,0.0,0.0,0.0,1.0,2.5,0.0,0.0
FDE952,897,2022-09-30,D78E9909,0.0,0.0,-2.5,0.0,-7.0,-7.0,-7.0
FDE952,897,2022-09-30,D78E9909,0.0,0.0,-5.5,-8.0,-1.0,-1.0,-1.0
FDE952,897,2022-09-30,D78E9909,0.0,0.0,-1.0,0.0,-1.0,0.0,0.0
FDE952,897,2022-09-30,D78E9909,0.0,0.0,0.0,-1.0,0.0,0.0,0.0
FDE952,897,2022-09-30,D78E9909,0.0,0.0,2.5,0.0,0.5,0.5,7.0
FDE952,897,2022-09-30,D78E9909,0.0,0.0,5.5,8.0,7.5,7.5,1.0
FDE952,897,2022-09-30,D78E9909,0.0,0.0,-2.5,0.0,-0.5,-7.0,-7.0
FDE952,897,2022-09-30,D78E9909,0.0,0.0,-5.5,-8.0,-7.5,-1.0,-1.0
FDE952,897,2022-09-30,D78E9909,0.0,0.0,2.5,0.0,0.5,0.5,0.5
FDE952,897,2022-09-30,D78E9909,0.0,0.0,5.5,8.0,7.5,7.5,3.5
FDE952,897,2022-09-30,9B7AFD56,0.0,0.0,0.0,0.0,0.0,0.0,4.0
FDE952,897,2022-09-30,D78E9909,0.0,0.0,-2.5,0.0,-0.5,-0.5,-7.0
FDE952,897,2022-09-30,D78E9909,0.0,0.0,-5.5,-8.0,-7.5,-7.5,-1.0
81A8D5,897,2022-09-30,D78E9909,0.0,0.0,4.0,4.0,4.0,4.0,4.0
81A8D5,897,2022-09-30,3E7206D2,0.0,0.0,5.0,5.0,5.0,5.0,5.0
81A8D5,897,2022-09-30,D78E9909,0.0,0.0,5.0,4.0,4.0,0.0,4.0
81A8D5,897,2022-09-30,3E7206D2,3.0,0.0,5.0,5.0,5.0,0.0,5.0
81A8D5,897,2022-09-30,D78E9909,0.0,0.0,-4.0,-4.0,-4.0,-4.0,-4.0
81A8D5,897,2022-09-30,3E7206D2,0.0,0.0,-5.0,-5.0,-5.0,-5.0,-5.0
81A8D5,897,2022-09-30,3E7206D2,3.0,0.0,4.0,5.0,5.0,1.0,5.0
81A8D5,897,2022-09-30,3E7206D2,-3.0,0.0,-5.0,-5.0,-5.0,0.0,-5.0
81A8D5,897,2022-09-30,D78E9909,0.0,0.0,5.0,5.0,5.0,0.0,5.0
81A8D5,897,2022-09-30,3E7206D2,3.0,0.0,4.0,5.0,5.0,0.0,5.0
81A8D5,897,2022-09-30,D78E9909,0.0,0.0,-5.0,-4.0,-4.0,0.0,-4.0
81A8D5,897,2022-09-30,3E7206D2,-3.0,0.0,-4.0,-5.0,-5.0,-1.0,-5.0
603276,897,2022-09-30,D78E9909,0.0,0.0,2.0,2.0,2.0,2.0,2.0
603276,897,2022-09-30,D78E9909,0.0,0.0,6.0,6.0,6.0,6.0,6.0
B78ABC,897,2022-09-30,D78E9909,0.0,0.0,8.0,8.0,8.0,8.0,8.0
376FF3,897,2022-09-30,407FF3F1,0.0,0.0,9.0,9.0,9.0,9.0,9.0
1CF4AB,897,2022-09-30,D78E9909,0.0,0.0,4.0,8.0,8.0,8.0,8.0
1CF4AB,897,2022-09-30,D78E9909,0.0,0.0,4.0,0.0,0.0,0.0,0.0
294545,897,2022-09-30,D78E9909,0.0,0.0,8.0,8.0,8.0,8.0,8.0
A1C8EA,897,2022-09-30,D78E9909,0.0,0.0,8.0,8.0,8.0,8.0,8.0
0EA428,897,2022-09-30,D78E9909,0.0,0.0,8.0,8.0,8.0,10.0,8.0
0EA428,897,2022-09-30,D78E9909,0.0,0.0,-8.0,-8.0,-8.0,-8.0,-8.0
0EA428,897,2022-09-30,D78E9909,0.0,0.0,1.0,1.0,0.0,0.0,0.0
0EA428,897,2022-09-30,D78E9909,0.0,0.0,8.0,8.0,8.0,8.0,8.0
944642,897,2022-09-30,D78E9909,0.0,0.0,9.0,9.0,9.0,9.0,9.0
64F5F0,897,2022-09-30,E73E4029,0.0,0.0,9.0,9.0,9.0,9.0,9.0
3A542A,897,2022-09-30,3E7206D2,0.0,0.0,8.0,8.0,8.0,8.0,8.0
0BF433,897,2022-09-30,E73E4029,0.0,0.0,8.0,8.0,8.0,8.0,8.0
423077,897,2022-09-30,D78E9909,0.0,0.0,8.0,8.0,8.0,8.0,8.0
B5700B,897,2022-09-30,D78E9909,0.0,0.0,8.0,8.0,8.0,8.0,8.0
2548C8,897,2022-09-30,E7D54290,0.0,0.0,8.0,8.0,8.0,8.0,8.0
B6D92E,897,2022-09-30,D78E9909,0.0,0.0,9.0,9.0,9.0,9.0,0.0
B6D92E,897,2022-09-30,9B7AFD56,0.0,0.0,0.0,0.0,0.0,0.0,8.0
52CAFA,897,2022-09-30,C1DDBC70,0.0,0.0,4.0,4.0,4.0,8.0,8.0
52CAFA,897,2022-09-30,3E7206D2,0.0,0.0,4.0,4.0,4.0,0.0,0.0
A81BA5,897,2022-09-30,D78E9909,0.0,0.0,7.0,8.0,8.0,8.0,8.0
A81BA5,897,2022-09-30,3E7206D2,0.0,0.0,0.0,0.0,0.0,1.0,0.0
A81BA5,897,2022-09-30,9B7AFD56,0.0,0.0,1.0,0.0,0.0,0.0,0.0
7F808D,897,2022-09-30,D78E9909,0.0,0.0,8.0,8.0,8.0,8.0,8.0
7F808D,897,2022-09-30,D78E9909,0.0,0.0,0.0,1.0,0.0,1.0,1.0
9C97A1,897,2022-09-30,D78E9909,0.0,0.0,8.0,8.0,8.0,8.0,8.0
E322A4,897,2022-09-30,D78E9909,0.0,0.0,8.0,9.0,8.0,8.0,0.0
E322A4,897,2022-09-30,9B7AFD56,0.0,0.0,0.0,0.0,0.0,0.0,8.0
2E1426,897,2022-09-30,D78E9909,0.0,0.0,8.0,8.0,8.0,8.0,8.0
BB770B,897,2022-09-30,D78E9909,0.0,0.0,8.0,8.0,8.0,8.0,8.0
